True,Pred,Prob
1,1,0.99757737
0,0,0.014621159
1,1,0.96659786
0,1,0.592924
0,1,0.9963186
0,0,0.0007190638
0,0,0.018239927
0,1,0.8526484
1,1,0.96951294
0,0,0.02153182
1,0,0.11826181
0,0,0.0053057745
0,0,0.12758462
1,1,0.86635226
1,0,0.056844484
0,0,0.2437333
1,1,0.7749984
1,1,0.9821098
1,1,0.9340947
1,0,0.29282555
1,1,0.9172232
1,0,0.32242316
1,1,0.9421935
0,0,0.07664049
0,0,0.011049065
1,1,0.82920814
0,0,0.0023569525
0,0,0.009390639
0,0,0.0012164853
0,0,0.011352298
0,0,0.091505624
0,0,0.25872576
0,0,0.0011105811
0,1,0.62178284
1,0,0.014717297
1,1,0.9432273
0,0,0.06056175
1,0,0.08012946
0,0,0.050672505
0,0,0.2342905
1,1,0.9571881
0,0,0.067380205
0,0,0.35092583
1,0,0.013724661
0,0,0.08134949
0,0,0.00521968
0,1,0.8977677
0,0,0.0047652232
0,0,0.01012468
1,1,0.85820955
0,0,0.013561677
1,1,0.7919242
1,1,0.96516275
1,1,0.96421736
1,1,0.96707916
1,1,0.86851573
0,0,0.2343765
1,1,0.9543782
0,0,0.037108473
0,0,0.18654142
1,1,0.9113226
0,0,0.0013088619
1,1,0.90279996
1,1,0.9104948
0,0,0.002308791
0,0,0.0012719218
0,0,0.0003310794
1,0,0.038240466
1,1,0.905701
1,0,0.01304058
0,0,0.027903846
1,0,0.4770871
0,0,0.0044839485
0,0,0.005054667
1,1,0.9938305
0,0,0.11610549
1,1,0.98728603
0,0,0.007891801
1,1,0.8993395
1,1,0.87394106
0,0,0.0039741434
0,1,0.90906066
0,0,0.104206026
0,0,0.0131613305
1,1,0.952098
1,1,0.83487046
0,0,0.0017494622
1,1,0.9285724
0,1,0.88610303
0,0,0.008766239
0,0,0.059035983
1,0,0.018488392
0,0,0.007959958
0,0,0.4681564
1,0,0.32452995
0,0,0.015426782
0,0,0.0065264925
0,0,0.13356835
0,0,0.016405018
0,0,0.100702286
1,1,0.57489246
0,0,0.003183874
0,0,0.3097111
1,1,0.9971284
0,0,0.022677697
0,0,0.05781992
0,0,0.0044983355
0,0,0.0011108445
1,0,0.32899117
1,1,0.966142
0,0,0.049138527
0,0,0.001075051
0,0,0.047464643
0,0,0.025625091
1,1,0.8940326
1,1,0.9979377
1,0,0.09379268
1,1,0.9661474
0,0,0.15139237
1,0,0.15444125
0,0,0.017450243
1,0,0.044634305
0,0,0.19154625
0,1,0.628879
0,0,0.061219692
1,1,0.9976737
1,1,0.95368475
0,0,0.00071011286
0,0,0.080153495
1,1,0.8751681
0,0,0.0013133553
0,0,0.0020763504
1,1,0.92389244
1,1,0.92696923
1,0,0.03955899
1,1,0.86276376
0,1,0.7554568
0,1,0.66434395
0,0,0.044686466
0,0,0.026138814
0,0,0.0005647603
0,1,0.59396833
1,1,0.797144
1,1,0.72853845
0,0,0.0046606367
1,1,0.9977843
0,0,0.11438026
0,1,0.51926965
1,1,0.7338311
0,0,0.018263055
0,1,0.5331039
0,0,0.39479595
0,0,0.022286508
1,1,0.95636886
0,0,0.0038758165
1,0,0.4097813
1,1,0.9407704
1,0,0.25260013
1,1,0.7574272
0,0,0.0025726731
0,0,0.2789075
1,1,0.96896803
0,0,0.037590664
0,0,0.015719099
0,0,0.0031412782
0,0,0.05563844
1,1,0.9633833
0,0,0.0011863145
1,0,0.46967414
0,0,0.108818345
0,0,0.3593591
1,0,0.4337785
0,0,0.03665001
1,1,0.99936837
0,0,0.002255862
0,1,0.8215036
0,1,0.54778403
0,0,0.014307285
1,1,0.9799391
0,0,0.17132433
1,1,0.8142569
1,1,0.96980786
1,1,0.91523606
0,0,0.15378913
1,1,0.94718343
1,1,0.90630364
0,0,0.001099663
1,1,0.93182
0,0,0.009549491
0,1,0.6548029
0,0,0.43336362
1,1,0.6475139
1,0,0.062771335
0,0,0.0009691802
0,0,0.120467
0,0,0.13050194
1,1,0.97823834
0,1,0.89391965
1,1,0.8779184
1,0,0.08284805
0,0,0.0010108666
0,0,0.028168948
0,0,0.013895653
1,1,0.9782702
0,0,0.011449011
0,0,0.034843553
1,1,0.9946615
1,1,0.6314135
0,1,0.8821159
0,0,0.0006821098
0,1,0.69839764
1,1,0.74586797
1,1,0.7981265
1,1,0.81039226
0,0,0.052312307
1,1,0.9608202
0,0,0.10800308
0,0,0.0011841763
0,0,0.080812365
0,0,0.001148727
1,1,0.98639214
1,1,0.975691
1,1,0.93233657
0,0,0.28158844
1,1,0.9780944
1,0,0.08750719
0,0,0.12604271
1,1,0.9163305
1,1,0.93321115
0,1,0.9793553
1,1,0.7008117
1,0,0.024641665
1,1,0.97893107
1,1,0.973543
1,1,0.9614593
0,0,0.0015711742
1,0,0.016235916
0,0,0.033136874
0,0,0.0021371138
0,0,0.123845704
0,0,0.30236965
1,1,0.91406834
1,1,0.94979924
0,0,0.018317739
0,0,0.01676976
1,1,0.62060726
1,1,0.75975394
0,1,0.91696787
0,0,0.00013692061
0,1,0.5430196
1,1,0.9977581
1,1,0.985912
0,0,0.02607674
1,1,0.58279216
0,0,0.00273865
0,0,0.14485323
0,0,0.24977744
0,0,0.49455905
0,0,0.06628686
0,0,0.06586169
0,0,0.28190696
0,0,0.0059983847
0,0,0.073855706
0,0,0.047249973
0,0,0.014274309
0,0,0.1172247
0,0,0.0003353127
1,1,0.7952483
0,0,0.0076039624
0,0,0.0206089
0,0,0.0031329347
0,0,0.0010369399
1,1,0.911338
1,1,0.997965
0,1,0.7922334
0,0,0.071343556
0,0,0.033338346
1,0,0.015607873
1,1,0.972742
0,0,0.18206565
0,0,0.017838141
0,0,0.0281071
0,1,0.66237575
0,0,0.009692609
0,1,0.8237197
1,1,0.9724956
0,0,0.03255585
0,1,0.8692208
0,0,0.108144335
0,0,0.061962266
0,1,0.76050645
0,0,0.0075160675
1,1,0.85864574
0,0,0.0019306467
1,1,0.9720409
1,1,0.96364456
0,0,0.03420466
0,0,0.01044414
0,0,0.024095038
0,0,0.0011903992
1,1,0.8485885
0,0,0.0932335
0,1,0.816686
0,1,0.6197476
1,1,0.85554504
0,0,0.0077521107
1,1,0.9213693
1,1,0.9016725
1,0,0.052301265
1,1,0.92740405
1,1,0.97621596
1,1,0.9918584
1,1,0.99212885
0,1,0.875179
1,1,0.86323255
0,1,0.9138296
0,0,0.053749997
0,0,0.11397505
0,0,0.4800853
0,0,0.00058858184
0,0,0.034362674
1,1,0.9846913
1,1,0.9278805
1,0,0.20612513
1,1,0.92301106
0,0,0.00022552707
1,1,0.98912126
0,0,0.3034594
0,1,0.7011771
0,0,0.03220153
1,1,0.5497034
1,1,0.80709803
1,1,0.99477345
0,0,0.023372484
1,1,0.9766332
1,1,0.8434777
0,0,0.009765102
1,1,0.9931853
0,0,0.0010495896
1,1,0.797126
0,0,0.11994907
1,1,0.99078536
0,1,0.62570447
0,1,0.9739976
0,0,0.0006557894
1,1,0.9952769
1,1,0.96174896
1,1,0.98295236
0,1,0.9851597
0,0,0.04498608
0,1,0.72717625
1,1,0.8403483
0,0,0.28337294
0,0,0.023345582
0,0,0.006661989
1,1,0.9884638
1,1,0.99075305
1,1,0.97837985
0,0,0.016979609
1,1,0.9618795
0,0,0.015271421
1,1,0.988691
0,0,0.015900562
1,1,0.8588768
0,1,0.6001794
1,0,0.22725266
1,1,0.5268391
0,0,0.14420384
0,0,0.0835999
0,1,0.8918149
0,0,0.30426672
0,0,0.12638736
0,0,0.0026492442
0,0,0.060828473
1,1,0.9260868
1,1,0.95451206
1,1,0.8246801
0,0,0.012205303
1,0,0.43915725
1,1,0.8722455
0,0,0.02872857
0,0,0.20081468
0,0,0.020392397
1,1,0.94162196
0,1,0.5135246
1,1,0.96298087
0,0,0.27090505
1,1,0.9992078
0,0,0.03213643
1,0,0.34245497
1,1,0.9648896
0,0,0.35621333
1,1,0.8383597
0,0,0.025912462
0,0,0.01967547
0,0,0.008945781
1,1,0.9986462
0,1,0.9496869
0,0,0.0009866003
1,1,0.9519245
0,0,0.014240721
0,0,0.0058621056
0,0,0.0010290203
0,0,0.029114418
1,1,0.8496777
0,0,0.0012823995
0,1,0.7945256
0,0,0.001974759
0,0,0.039119065
0,1,0.93063736
1,1,0.8809049
0,1,0.5507826
0,0,0.07415328
1,1,0.6953265
0,0,0.01804567
1,1,0.940218
0,0,0.022394467
0,0,0.008533318
0,0,0.0003489221
1,1,0.982366
0,0,0.02585141
1,1,0.9811049
1,1,0.98398954
0,0,0.023069803
0,0,0.16980097
0,0,0.07679519
0,0,0.013214151
1,1,0.94428235
0,0,0.00063543435
0,0,0.12355051
1,1,0.77280873
0,0,0.034290157
1,1,0.8409503
0,0,0.0015919111
0,0,2.0471598e-05
0,0,0.009636857
1,1,0.98376
1,1,0.8819922
0,0,0.21164471
0,1,0.889699
1,0,0.107792005
0,0,0.16342819
1,1,0.7518426
1,1,0.9969357
0,0,0.015546487
0,0,0.006387816
1,1,0.72085524
0,0,0.0022772062
0,0,0.41848603
0,1,0.95335644
0,1,0.9934323
0,1,0.85413784
0,0,0.034695886
0,0,0.034408502
0,0,0.011945881
1,1,0.85131687
1,1,0.89456415
1,1,0.88657635
0,0,0.025327897
0,0,0.043458376
0,0,0.12075332
0,0,0.051426157
0,0,0.02072305
0,1,0.65460485
0,1,0.9514805
1,1,0.9003736
0,1,0.9087132
0,0,0.0066457796
0,0,0.0037669668
0,0,0.035660166
1,0,0.093223624
0,0,0.0015356431
0,0,0.00084686343
0,0,0.03247877
1,1,0.98409134
0,1,0.8736748
0,0,6.3970874e-05
1,1,0.99873394
1,1,0.9924225
1,1,0.9938419
1,1,0.8724291
0,0,0.119204566
0,0,0.00024853108
0,0,0.49583384
0,0,0.06244696
1,1,0.83917975
1,1,0.80140054
1,0,0.0007454185
0,0,0.007021443
0,0,0.0011710385
0,0,0.025967482
0,1,0.5434252
0,0,0.011300044
0,0,9.649976e-05
0,0,0.008115798
1,1,0.95127267
1,1,0.99627304
1,0,0.1645489
1,1,0.65970916
0,1,0.9626195
0,1,0.8903107
0,1,0.8617239
1,1,0.99528027
0,0,0.007129201
0,0,0.040514916
1,1,0.89118445
1,1,0.91538477
1,1,0.94252646
1,1,0.9984108
0,0,0.01858991
0,0,0.0071066692
0,0,0.0010510364
1,1,0.99665976
1,1,0.9930542
1,1,0.6344829
1,1,0.9425522
1,1,0.6620823
0,0,0.00081870484
0,1,0.6758542
1,1,0.97827554
0,0,0.034860056
1,1,0.7908287
1,1,0.98694974
0,1,0.97713965
0,0,0.008000035
1,1,0.95733863
0,0,0.026981654
1,1,0.99881774
0,1,0.8859469
1,1,0.96803176
1,1,0.9970331
0,0,0.017026018
0,0,0.26173016
0,0,0.0019687966
0,0,0.14273193
1,1,0.993153
0,0,0.101565294
1,1,0.9556826
1,0,0.014357975
0,0,0.0049020504
1,1,0.98871094
1,1,0.9926991
0,0,0.0012227177
1,1,0.6288759
1,1,0.90120953
1,1,0.933857
1,1,0.7516294
0,0,0.0047123916
0,0,0.030370701
0,0,0.027113592
1,1,0.99955446
1,0,0.027560536
0,0,0.0072273356
0,0,0.08996387
1,1,0.8645137
1,1,0.9241924
0,0,0.0049988916
0,1,0.7317429
0,0,0.008385856
0,0,0.086898476
1,1,0.8868351
1,1,0.966226
0,0,0.01418473
0,0,0.24284343
0,0,0.006295946
0,0,0.054950513
0,0,0.1734898
1,1,0.8099087
0,0,0.068294846
1,0,0.29883602
0,0,0.027458597
0,0,0.13012744
0,0,0.001455941
0,0,0.022572916
1,1,0.99895775
0,0,0.07237899
1,1,0.9469107
1,1,0.92605793
0,0,0.07102948
1,1,0.94098717
1,1,0.99724764
0,0,0.0066755586
0,0,0.004832514
0,0,0.006254392
0,0,0.01710898
1,0,0.2353974
0,1,0.9745642
0,0,0.029650945
0,0,0.033250544
0,0,0.04838233
0,0,0.007325226
0,0,0.40248692
1,1,0.93662715
1,1,0.99687296
0,0,0.47373942
0,0,0.0014697311
1,1,0.90986633
0,1,0.91300327
0,0,0.24311906
0,0,0.00047040023
0,0,0.051101767
0,0,0.010915957
0,0,0.09408613
0,0,0.0073829144
0,1,0.8048426
0,1,0.8956005
0,0,0.22865096
1,1,0.96842235
0,0,0.093473874
0,0,0.041585006
0,0,0.06269478
1,1,0.84690934
0,0,0.23149465
0,0,0.13456494
1,1,0.9712731
1,1,0.9917258
0,0,0.0013826716
0,0,0.14990705
0,0,0.03430298
0,0,0.0004197823
0,0,0.003931349
0,0,0.042452257
0,0,0.2592902
1,1,0.9982547
0,0,0.0015495265
0,0,0.4669996
1,1,0.99796
0,0,0.044334415
0,0,0.03839942
1,1,0.9845376
1,1,0.9997503
1,1,0.82629454
0,0,0.18883908
0,0,0.018114727
1,1,0.887034
0,0,0.008742744
0,1,0.902741
1,1,0.95110196
0,0,0.011807949
1,1,0.8416609
0,0,0.26282778
1,1,0.7918824
0,0,0.19168492
1,0,0.44298244
1,1,0.99773407
1,1,0.9851147
0,0,0.14125699
1,1,0.9961422
0,0,0.0015561449
1,1,0.99760324
0,0,0.00027807552
0,0,0.0005357994
1,1,0.50204724
1,1,0.976225
0,0,0.022336312
0,1,0.86205447
0,0,0.036431298
0,0,0.17014456
0,0,0.12486846
1,1,0.61243534
0,0,0.23969632
1,1,0.9573827
1,1,0.8590998
1,1,0.97809243
0,0,0.1017981
1,1,0.93639827
0,0,0.02456715
0,0,0.052186795
1,1,0.9361316
1,1,0.9991787
0,1,0.7729242
1,1,0.9361822
1,1,0.9992878
1,1,0.9231504
1,0,0.014824007
0,1,0.7019564
1,1,0.95757645
1,1,0.7529545
0,0,0.07260732
0,0,0.019642988
0,0,0.23424402
1,0,0.47848606
0,0,0.008178451
1,0,0.45005482
0,0,0.0065681404
1,1,0.9932173
1,1,0.96950823
0,0,0.00015901498
1,1,0.98584807
1,1,0.89666927
1,1,0.99914896
0,0,0.017265124
0,0,0.32081372
1,0,0.49650586
1,1,0.86878747
0,0,0.0006412431
0,1,0.9843741
0,0,0.0048740874
0,0,0.033573963
1,1,0.84634554
0,0,0.02760987
1,1,0.97522163
1,1,0.7184775
0,0,0.00044620153
1,1,0.85103357
1,0,0.1444399
0,0,0.12083697
0,0,0.015481736
0,0,0.26860026
1,1,0.9775352
0,1,0.7606975
0,0,0.025958437
0,0,0.10084757
1,1,0.94728273
1,1,0.959651
1,1,0.88057303
0,1,0.9826948
0,0,0.0005719842
1,1,0.8739845
1,1,0.99239266
1,1,0.9848859
1,1,0.91828036
1,0,0.43253124
0,1,0.948732
0,0,0.15405436
0,0,0.06538109
0,0,0.0023921817
0,1,0.66700816
0,0,0.011180076
1,1,0.81048614
0,1,0.6455177
1,1,0.93608814
0,0,0.0038139846
0,0,0.011332276
1,1,0.9860741
0,0,0.010032606
0,1,0.8585363
1,0,0.039920516
1,1,0.73814106
1,1,0.96736646
0,0,0.002972684
0,0,0.004841898
0,0,0.02458267
0,0,0.000987839
0,1,0.94114417
1,1,0.7690721
1,1,0.9843018
1,1,0.7862526
0,0,0.002713114
0,0,0.007747868
0,0,0.32108265
1,0,0.045288697
0,0,0.20957214
1,0,0.24164312
0,0,0.40548143
1,1,0.9587901
1,1,0.95213467
1,1,0.9915923
0,0,0.08580375
0,0,0.027214767
0,0,0.021372223
0,0,0.00032021065
0,0,0.2854144
0,0,0.004102303
1,0,0.35147825
0,0,0.020709211
1,1,0.66804266
1,1,0.87698406
1,1,0.91701263
0,0,0.023751916
1,1,0.86253923
1,0,0.0015368793
0,0,0.040615115
0,0,0.015508241
1,1,0.8091692
0,0,0.018282486
1,1,0.92833984
0,0,0.094834276
0,1,0.9363042
1,1,0.78630203
0,0,0.19620353
0,0,0.006472526
0,0,0.029106727
0,1,0.90874726
1,1,0.98070097
0,0,0.07829669
0,0,0.018157259
0,0,0.035342563
0,1,0.78332984
1,1,0.9917726
1,1,0.9694835
1,1,0.79224616
0,0,0.0009415496
0,0,0.05513424
0,0,0.18278672
1,1,0.81382257
0,1,0.97319806
0,0,0.000885739
0,0,0.016211607
1,1,0.9345053
0,0,0.0022501284
0,0,0.0028856695
0,1,0.775823
0,1,0.9824587
0,0,0.0013667508
1,1,0.9235416
1,1,0.94402146
0,0,0.2989793
0,0,0.008692077
0,0,0.33596033
0,0,0.00032791987
1,1,0.7154181
0,0,0.0013344816
0,0,0.0119972965
0,0,0.007001709
0,1,0.9863296
0,0,0.084423356
1,1,0.5505044
1,0,0.38614103
0,0,0.094043955
0,0,0.0039620213
0,0,0.074519515
0,0,0.15427272
1,0,0.07016324
1,0,0.45454773
0,0,0.015677543
1,1,0.87033445
1,1,0.86989635
0,0,0.0053582843
0,0,0.02270983
0,0,7.772622e-05
0,0,0.47329336
0,0,0.012383522
1,1,0.96967083
0,0,0.06071532
1,1,0.72640824
0,0,0.013112574
1,1,0.5579829
1,0,0.056486897
0,0,0.0034198975
1,0,0.4351703
0,0,0.0021724093
0,0,0.069430426
0,1,0.89645875
0,0,0.0008401761
1,1,0.9956149
0,0,0.09641889
0,0,0.018221356
0,0,0.15225928
0,1,0.7566938
1,1,0.99238354
0,0,0.0032142838
1,1,0.99769515
0,0,0.05044262
0,0,0.049346652
0,0,0.02055695
0,0,7.705655e-05
1,1,0.9942291
0,0,0.03969613
1,1,0.72979295
0,0,0.032106634
0,0,0.0008410408
0,1,0.9532728
0,0,0.08082278
0,0,0.013687765
0,0,0.0017312784
1,1,0.9876373
1,0,0.01799715
1,1,0.8911897
0,1,0.9021426
0,1,0.8584763
0,0,0.1033912
1,1,0.7949753
1,0,0.010697623
0,0,0.006827517
1,1,0.9601366
0,0,0.0013271227
1,1,0.99464273
0,0,0.0692162
0,0,0.10010132
1,1,0.878335
0,0,0.025563201
0,0,0.4754444
1,0,0.21164928
0,1,0.95394206
0,0,0.021938475
1,0,0.384876
1,1,0.9006945
1,1,0.9986817
0,0,0.013550226
0,0,0.34015372
1,1,0.9995845
1,1,0.99601007
1,1,0.73058146
0,0,0.42386675
0,0,0.091083124
0,0,0.021688646
0,0,0.0012678324
0,0,0.045653813
0,0,0.24998055
0,1,0.86221725
1,1,0.87786126
1,1,0.993722
0,0,0.00073111034
0,0,0.026377944
0,0,0.012851196
0,1,0.61027855
0,0,0.111038886
1,1,0.9816011
0,0,0.07492219
1,1,0.99532145
0,0,0.0038157841
1,1,0.5353809
1,1,0.9721795
0,0,0.06257052
0,0,0.053830065
1,1,0.8495614
0,0,0.0013188178
0,0,0.08824756
0,0,0.35846704
1,1,0.98522645
0,1,0.8094949
0,0,0.029073112
0,0,0.0028963815
0,0,0.49214053
0,0,0.018944424
1,0,0.39987817
1,0,0.41513535
1,1,0.9946255
1,1,0.9391564
0,0,0.12437366
1,0,0.0709681
0,0,0.009235922
1,1,0.9005447
1,1,0.99102414
1,1,0.9478001
1,1,0.78475106
1,1,0.69565266
1,1,0.9956599
1,1,0.9864581
0,0,0.007715167
0,0,0.19107774
0,0,0.0037174677
0,0,0.0040040477
0,0,0.01892541
0,0,0.10677197
0,0,0.046164524
0,0,0.49774355
0,0,0.006711637
1,1,0.7370253
1,1,0.99262625
0,0,0.0016601306
1,1,0.9771419
0,0,0.024080813
0,0,0.14303686
0,0,0.16238305
1,0,0.35558423
1,1,0.9565806
0,1,0.5430342
0,0,0.014204101
0,0,0.010287819
0,0,0.40919068
0,0,0.10068075
0,0,0.050455805
1,1,0.9465283
1,1,0.8055624
0,0,0.29689106
0,0,0.006625515
0,1,0.71720934
0,0,0.2664285
1,0,0.49689817
1,1,0.98551977
0,1,0.8557041
1,1,0.9260362
1,1,0.99171174
1,1,0.9812462
0,0,0.04973936
1,1,0.909517
0,0,0.07577375
0,0,0.038338073
1,1,0.9799548
0,0,0.008501566
0,0,0.03467161
1,1,0.9279928
0,0,0.018444167
1,1,0.65724313
0,1,0.59694177
0,0,0.034301408
1,1,0.775458
0,1,0.71833444
1,1,0.7360873
0,0,0.08902995
1,1,0.98788446
1,1,0.9992317
1,0,0.17905891
1,0,0.43575904
0,1,0.5365134
1,1,0.99776495
0,0,0.006456907
0,1,0.77522886
0,1,0.9054296
1,1,0.9928888
1,1,0.78754073
0,0,0.0016997576
0,0,0.063472964
0,1,0.8640134
1,1,0.82826006
1,1,0.94419533
0,0,0.05870092
1,1,0.63715637
0,1,0.77556896
1,1,0.6372888
0,1,0.9624325
1,1,0.54027057
1,1,0.8233207
1,1,0.97940123
0,1,0.55045927
0,0,0.04940431
1,1,0.94225943
0,0,0.00043991377
0,0,0.30393586
0,1,0.5713523
0,0,0.09254864
1,1,0.80961365
1,1,0.94568115
0,1,0.9461765
0,0,0.012197212
1,0,0.28072765
1,1,0.9979693
0,0,0.46484253
0,0,0.04603319
0,0,0.05440198
1,1,0.9988207
1,1,0.99406
0,1,0.64329016
0,0,0.067271814
0,0,0.14259379
1,1,0.8119858
0,0,0.0031869628
0,0,0.06550696
0,0,0.015733631
0,1,0.63803303
1,1,0.98380697
0,0,0.1422825
1,0,0.019122265
1,1,0.8637555
1,1,0.86329657
0,0,0.0006185946
1,1,0.9981055
0,0,0.0076979524
1,1,0.64628386
0,0,0.12593004
0,0,0.024099581
0,0,0.034175243
0,1,0.7952699
1,1,0.91957676
0,0,0.31563583
1,1,0.9992354
0,0,0.004367007
1,1,0.9519402
1,1,0.9406722
1,1,0.9398691
0,1,0.7809915
1,1,0.9944423
0,0,0.0009487198
0,0,0.17412989
0,0,0.2567484
0,0,0.00057146215
0,0,0.02367503
0,1,0.8572656
0,1,0.6270176
1,1,0.9053041
0,0,0.24727358
0,0,0.2136097
0,0,0.010255986
0,1,0.7607296
0,0,0.110228285
1,1,0.9973314
0,0,0.00081916136
1,1,0.98036236
0,0,0.0003053073
0,0,0.075131826
0,0,0.011024208
0,0,0.113661334
1,1,0.9302849
0,0,0.059267066
0,0,0.00094097253
0,1,0.5966351
1,1,0.95622414
0,0,0.021861263
0,0,0.015759379
0,1,0.60457563
1,1,0.9827539
0,0,0.041577898
1,1,0.95308876
1,1,0.9158519
1,1,0.8993103
1,1,0.96280354
1,0,0.45957696
1,1,0.7015437
1,1,0.9343399
0,0,0.17830871
0,0,0.15696377
1,1,0.94356024
0,0,0.038304605
1,1,0.96836567
0,1,0.81866753
0,0,0.05552778
0,0,0.33170924
0,0,0.017816052
1,1,0.9766767
0,0,0.036615457
1,1,0.9341578
0,0,0.03644953
0,0,0.05518464
0,0,0.03869077
0,0,8.2267456e-05
0,0,0.1116653
0,0,0.0037559741
1,1,0.9783456
0,0,0.22363609
1,1,0.99363035
1,1,0.64571244
0,0,0.18552583
0,0,0.17384882
1,1,0.5371771
0,0,0.06419675
0,0,8.380786e-05
0,0,0.00022970463
1,1,0.95070624
0,0,0.0063490095
1,0,0.18618336
0,0,0.14189848
0,1,0.996363
0,0,0.03926355
0,0,0.0041271346
0,0,0.03275525
0,0,0.015877686
1,1,0.95397526
0,0,0.1677078
0,0,0.0067866403
0,0,0.00082621584
0,1,0.9105181
1,1,0.721167
0,0,0.011501435
0,0,0.020159725
1,1,0.8009045
0,0,0.17600892
1,1,0.99171376
1,1,0.773352
0,0,0.0075175227
0,0,0.47319704
0,0,0.076167926
1,1,0.9114193
0,0,0.06050527
0,0,0.014694013
0,0,0.21630676
0,0,0.20628645
0,1,0.7861156
1,1,0.85624874
1,1,0.96830887
0,1,0.8647675
0,0,0.022467183
1,1,0.99912757
0,0,0.0017231117
1,1,0.78496426
0,0,0.0029185042
0,0,0.0861808
0,0,0.00063480064
0,0,0.0006085354
0,1,0.6424349
0,1,0.65525824
0,0,0.14775898
1,1,0.98963964
0,0,0.00049777137
0,0,0.46772698
0,0,0.022537481
0,1,0.6428499
0,0,0.02940154
0,0,0.02597091
0,1,0.7416032
1,1,0.984127
0,0,0.018978229
1,1,0.870845
0,0,0.252803
0,0,0.0087513095
1,1,0.99572134
0,0,0.009383765
1,1,0.9680172
1,1,0.56652004
0,0,0.06566335
1,1,0.9499253
0,0,0.0388152
1,1,0.99886763
1,1,0.9781391
1,1,0.9837556
1,1,0.9782925
0,0,0.007617688
0,0,0.00059768505
1,1,0.9788688
0,0,0.03695954
1,1,0.93868643
0,0,0.42742577
0,1,0.6930794
0,0,0.0020637654
1,1,0.98559546
0,0,0.104073465
0,0,0.0017625232
0,1,0.66930914
0,0,0.0051271208
1,1,0.5174789
1,1,0.91816884
0,0,0.032949567
0,0,0.0008658375
0,0,0.0001956816
0,1,0.97207075
1,1,0.93171763
1,1,0.7414893
0,0,3.5858528e-05
0,0,0.071611725
1,1,0.98112124
0,1,0.7220192
0,0,0.30946684
1,1,0.996447
1,1,0.9582578
0,0,0.0007559796
1,0,0.00015735521
0,0,0.03910912
0,0,0.0516182
1,1,0.99911493
1,1,0.76717126
0,0,0.059429824
0,1,0.8710444
1,1,0.9971035
0,0,0.0085726045
0,0,0.045907155
0,0,0.00042465722
0,1,0.663683
1,0,0.32735088
1,1,0.9057474
0,0,0.055027824
1,1,0.9845703
0,0,0.012518521
0,0,0.10827005
1,1,0.9916922
0,0,0.0005472998
1,1,0.98981243
1,1,0.99235266
0,0,0.2581092
1,1,0.9060779
0,0,0.07476795
1,1,0.6237998
1,0,0.17646644
0,0,0.0018664233
1,1,0.73020697
1,0,0.005154158
0,0,0.040709097
1,0,0.42811215
0,0,0.22072636
0,0,0.0014468885
0,1,0.9745377
0,0,2.0502743e-05
0,1,0.9936334
1,1,0.998755
1,1,0.896592
0,0,0.016333822
0,1,0.6095031
1,1,0.62901855
0,0,0.0004007421
0,0,0.011649442
0,1,0.8401315
1,1,0.92855924
0,1,0.9131388
1,0,0.061722297
1,1,0.984854
1,1,0.9856507
1,1,0.98069876
1,1,0.6154908
0,0,0.00050707144
1,1,0.9659819
0,0,0.06916215
1,1,0.99263656
1,1,0.73909104
0,0,0.013560338
0,0,0.018671425
0,0,0.0031895891
0,0,0.0037509904
1,0,0.099617645
0,0,0.088822365
1,1,0.7881781
0,0,0.33186606
1,1,0.9887327
0,0,0.009182572
0,0,0.04829367
1,1,0.9784379
0,0,0.38196048
0,0,0.0003047202
0,0,0.010977662
0,0,0.07018755
1,1,0.96865976
0,1,0.5329675
0,0,0.148996
0,1,0.95467514
0,0,0.18359964
0,0,0.20170945
0,0,0.30751804
0,0,0.17024982
0,0,0.025100427
0,0,0.006566983
1,1,0.7180204
0,1,0.5325916
1,1,0.7748253
1,1,0.9684248
0,0,0.06955859
1,1,0.8673472
0,0,0.16087411
0,0,0.0030573343
1,0,0.2210973
1,0,0.18864387
1,1,0.9161945
1,1,0.68711066
0,0,0.4268408
1,1,0.98518616
0,0,0.004948037
0,1,0.8655352
1,1,0.9926319
0,0,0.0052890824
1,1,0.99533194
0,0,0.34632286
0,0,0.43211234
0,1,0.8776932
0,0,0.3661839
0,0,0.036914136
0,0,0.16651748
1,0,0.030613678
1,1,0.9682455
1,0,0.48533654
1,1,0.8157381
0,0,0.102406554
0,0,0.23424765
0,0,0.018918453
1,1,0.8679224
0,0,0.00032551002
1,1,0.9912696
0,1,0.78118885
1,0,0.00230937
0,0,0.08967442
0,0,0.0015931204
1,1,0.9951509
0,1,0.7009084
0,1,0.73689824
0,1,0.8077671
1,1,0.97486615
1,1,0.96384364
0,1,0.78918564
0,0,0.16976222
1,1,0.99836403
1,1,0.99480057
1,1,0.97753626
0,0,0.0005678789
0,0,0.36264202
1,1,0.98695403
1,1,0.99649423
0,0,0.060220603
0,0,0.48661214
0,0,0.0037694871
0,0,0.110528104
0,0,9.881614e-05
1,1,0.98268247
0,0,0.026563007
0,0,0.000280794
1,1,0.9742793
1,1,0.9240619
0,0,0.21360506
0,0,0.011667315
1,1,0.9749953
0,1,0.841415
1,1,0.9987979
1,1,0.99617684
0,0,0.05092107
0,0,0.48214406
1,1,0.99763167
0,0,0.035772346
1,1,0.9892447
1,1,0.994975
1,0,0.49304357
0,1,0.74969447
0,1,0.946473
1,1,0.9582647
0,0,0.00083861797
1,1,0.9854638
1,1,0.9113305
0,0,0.015793705
0,0,0.037572548
0,0,0.13013768
0,0,0.012354356
0,0,0.000433317
0,1,0.6458426
0,0,0.119865164
1,1,0.88587797
1,1,0.9978806
1,1,0.51829755
1,1,0.96503484
0,0,0.18418144
1,1,0.8020874
1,0,0.1789661
0,1,0.78276736
1,0,0.31264278
0,0,0.011898675
1,1,0.6862377
0,0,0.0001363051
1,1,0.5780985
0,0,0.0019630631
0,0,0.019088501
0,0,0.0025470206
0,0,0.0021389218
0,0,0.102519184
1,0,0.27492228
0,0,0.39787835
1,1,0.98737425
0,0,0.021970026
0,0,0.027005266
1,1,0.98850226
1,1,0.6266683
1,1,0.9258357
0,0,0.35791963
1,1,0.98880285
0,1,0.7018643
0,0,0.071234204
0,1,0.61905
1,1,0.9978688
0,0,0.01154586
0,0,0.016007194
0,0,0.2413064
1,1,0.9939122
1,1,0.87882113
0,1,0.63355255
0,0,0.014848192
1,1,0.94928944
0,0,0.0002478158
1,1,0.9854671
1,1,0.83798116
0,0,0.049070388
1,1,0.87351996
1,1,0.8217654
0,1,0.933523
0,0,0.29183114
0,0,0.1448051
0,0,0.39948046
0,0,0.16252561
1,1,0.99914026
0,0,0.27647898
0,0,0.0080851875
0,0,0.053065408
0,0,0.022624064
0,0,0.329216
1,1,0.6313212
0,0,0.112060755
1,1,0.97833097
0,0,0.010980453
1,1,0.9967258
0,1,0.5697564
0,0,0.013903484
1,1,0.8510788
0,1,0.9539808
0,0,0.0068199006
1,1,0.7621772
1,1,0.8747711
0,0,0.1291262
1,1,0.9979742
1,1,0.9833628
1,1,0.99702185
1,1,0.9977915
0,1,0.8786825
0,0,0.014278013
1,1,0.97726506
0,0,0.008249164
1,1,0.99799156
0,0,0.024980232
1,1,0.9907504
1,1,0.9486781
0,1,0.73362005
1,0,0.44487232
1,1,0.9552307
1,0,0.03082195
0,0,0.053958714
0,0,0.019645046
1,1,0.95495766
0,0,0.0059729135
0,0,0.017460587
0,0,0.026574252
1,0,0.13785079
1,1,0.9092974
0,0,0.053445384
0,0,0.0027656595
1,1,0.98843795
0,0,0.009044864
0,0,0.024422431
0,1,0.8643701
0,0,0.23019207
1,0,0.18456544
1,1,0.9482366
1,1,0.98179823
1,1,0.6621265
0,0,0.00012749848
0,0,0.031167476
1,1,0.9433929
0,0,0.0062880134
0,0,0.001767517
0,1,0.74221736
0,0,0.0020485977
0,1,0.77872413
0,0,0.006944877
0,1,0.98010063
1,1,0.9779269
0,0,0.018502066
0,0,0.15106636
0,0,0.15078439
0,0,0.017807376
1,1,0.94055915
0,0,0.009629914
1,1,0.99207544
0,0,0.09104432
1,1,0.99529076
1,1,0.9926353
1,1,0.9916666
1,1,0.9600808
0,0,0.44724095
0,0,0.0645545
0,0,0.110531166
0,1,0.75539345
0,0,0.00011553642
0,0,0.15528414
0,0,0.0017562805
1,1,0.7289892
0,0,0.40656382
1,1,0.80443525
0,0,0.042387433
0,0,0.0028150103
1,1,0.5650663
1,1,0.9424846
0,1,0.9226181
1,1,0.68498147
1,0,0.4522718
1,1,0.88695467
0,0,0.007470466
1,1,0.9549372
0,0,0.021239713
0,1,0.73135245
0,0,0.025526809
0,0,0.20724711
0,1,0.86623913
0,0,0.43940234
1,1,0.85863245
0,1,0.6257299
1,1,0.981323
0,0,0.06741112
1,1,0.99656075
0,1,0.7533853
1,1,0.9939948
0,0,0.009977691
1,1,0.9780452
1,1,0.93169457
0,0,0.0899786
0,0,0.022551395
1,1,0.75240725
0,0,0.0018177764
1,1,0.5118434
0,0,0.0012595982
0,0,0.007160429
1,1,0.9848481
1,1,0.87006325
1,0,0.16902503
0,0,0.008951257
0,0,0.0069605224
0,1,0.8629043
0,0,0.19452646
0,0,0.0034969903
1,1,0.9391235
1,1,0.9835005
0,0,0.026533999
0,0,0.04006396
0,0,0.00039548735
0,0,0.0028236317
1,0,0.4579872
0,0,0.020083357
0,0,0.032126673
0,0,0.14774433
0,0,0.025551604
1,1,0.99196905
1,1,0.81595016
0,1,0.8219032
0,0,2.5878782e-05
1,1,0.7589977
0,0,0.025479464
0,0,0.023204997
0,0,0.00840873
0,0,0.056627292
0,0,0.21036822
1,1,0.9442643
0,0,0.002262897
1,0,0.47086835
1,0,0.27946976
0,1,0.8175004
0,0,0.0005854245
1,1,0.9826166
1,1,0.86773497
1,1,0.9998093
0,0,0.15610787
0,0,0.0005075192
0,0,0.28433904
0,0,0.34537223
0,0,0.1463976
1,1,0.7701432
1,1,0.6514184
1,1,0.7917598
1,1,0.9978002
0,1,0.72998756
1,1,0.8392488
0,1,0.9844751
0,0,0.032627635
0,1,0.9002537
0,0,0.2337899
0,0,0.119119644
1,1,0.9441078
0,0,0.044382527
1,1,0.9981902
0,0,0.111634485
0,0,0.13182783
0,0,0.0020833001
1,1,0.7960066
1,1,0.99475753
1,1,0.99025035
0,0,0.35800534
1,0,0.4581039
0,0,0.45699933
0,1,0.7518369
0,0,0.0013357729
1,0,0.33608428
0,0,0.22278714
0,1,0.68766886
1,1,0.798826
1,1,0.8151203
0,1,0.56988823
1,1,0.90989846
0,0,0.015211105
0,0,0.0055082547
1,1,0.946085
0,1,0.8803328
0,0,0.011038987
1,1,0.5446918
0,0,0.29940584
0,0,0.21248935
0,0,0.0008520047
1,1,0.9894621
1,1,0.9859263
0,0,0.00132335
1,1,0.9797626
1,1,0.92119175
1,1,0.94783616
1,1,0.85230505
1,1,0.82562244
1,1,0.9826067
0,1,0.72671515
1,1,0.9648286
0,0,0.06255204
0,0,0.039760955
1,0,0.031022768
0,0,0.005718623
0,0,0.30062756
0,0,0.0057385224
0,0,0.005696441
0,0,0.005854133
1,1,0.9990582
0,1,0.6529654
1,1,0.93293333
0,0,0.042356744
1,1,0.8473744
0,0,0.0042309086
1,0,0.32685503
0,0,0.045062166
1,0,0.0897961
1,1,0.94109917
0,1,0.54251117
0,1,0.95350534
0,0,0.017025938
1,1,0.94313633
1,1,0.9683534
1,1,0.9928612
1,0,0.40880266
1,1,0.993964
0,0,0.47124183
1,1,0.6889466
0,0,0.0039979857
0,0,0.10284999
0,0,0.009889292
0,0,0.2071891
1,1,0.7569539
0,0,0.004149519
0,0,0.008494098
0,0,0.04772188
0,0,0.25575605
1,1,0.99857235
1,1,0.8376324
1,1,0.7874674
0,0,0.09730496
1,1,0.9359193
0,1,0.5867669
0,1,0.7379074
0,0,0.24469446
0,0,0.05391844
1,1,0.96745735
0,0,0.23029342
0,0,0.017557174
0,0,0.318232
0,0,0.16557889
0,0,0.068671405
1,0,0.39191628
0,0,0.00012451947
1,1,0.9877313
0,0,0.0017957645
0,1,0.6658184
1,0,0.28092027
0,0,0.1113174
0,0,0.06713804
0,0,0.48048884
1,1,0.876685
0,1,0.5543902
0,0,0.17847414
0,0,0.09288251
1,1,0.7827587
0,0,0.0037477503
1,1,0.9861763
0,0,0.24293299
0,0,0.020307377
1,1,0.53138626
1,1,0.97868425
0,1,0.7412529
0,0,0.052044768
1,1,0.98106635
0,0,0.0028117343
0,0,0.0041785636
0,0,0.08662551
0,0,0.064013675
0,0,0.029013336
0,0,0.07389956
1,1,0.93487996
1,1,0.74665195
0,0,0.1612644
1,1,0.9343822
1,0,0.21944208
0,0,0.004129761
0,0,0.4920927
0,0,0.04561227
0,1,0.5601659
0,0,0.29272732
0,0,0.2913681
0,0,6.355788e-05
1,0,0.34538165
1,1,0.9866964
1,0,0.20080167
1,1,0.8848117
0,0,0.21071602
1,1,0.9904158
1,1,0.98342174
0,0,0.09588427
1,1,0.8622786
0,0,0.47103873
1,1,0.8276167
0,0,0.2182722
1,1,0.9170636
0,0,0.008803042
1,1,0.92204237
0,0,0.06958769
1,1,0.9792559
0,0,0.4344062
0,1,0.71270573
0,0,0.20143078
0,0,0.17369166
0,1,0.73986065
0,0,0.14423865
0,0,0.032806892
1,1,0.97722864
1,1,0.9941194
0,1,0.68567073
0,0,0.007846678
0,0,0.2304157
1,1,0.9830315
0,0,0.39144564
0,1,0.95899385
1,1,0.8846496
1,1,0.7783134
0,0,0.014321917
0,0,0.0042342646
1,1,0.99543446
1,1,0.6977659
0,0,0.4571475
0,0,0.0005582737
1,0,0.012686942
0,0,2.2171723e-06
1,1,0.9492234
0,0,0.012743903
1,1,0.77972347
1,1,0.9810511
1,1,0.9922794
1,1,0.97972244
0,0,0.015410451
0,0,0.011285908
1,0,0.4542541
0,0,0.02909751
0,1,0.8524629
0,0,0.06964048
1,0,0.061802205
1,1,0.665739
0,0,0.0067752902
1,1,0.9987565
1,1,0.8047677
0,0,0.21015455
1,1,0.9131177
1,0,0.32551968
0,0,0.00074777845
0,0,0.0025684347
1,1,0.9955973
1,1,0.9943756
1,1,0.9899536
1,1,0.96168864
1,1,0.99058443
1,1,0.898663
1,0,0.17301674
1,1,0.9384697
0,0,0.00073558826
0,0,0.2921123
1,1,0.99902797
0,0,0.001268389
0,0,0.00014093792
0,0,0.0052285464
0,0,0.002201771
0,0,0.011869612
0,0,0.06421015
0,0,0.009909112
0,0,0.019154174
1,1,0.9841524
1,1,0.6309992
1,1,0.7657277
1,1,0.9953625
0,0,7.2534276e-05
1,1,0.963324
1,1,0.9568834
0,0,0.1832968
0,0,0.18458933
0,0,0.084445484
1,1,0.7288321
1,0,0.022879902
1,1,0.9027489
0,0,0.00073645136
0,0,0.0010832362
1,1,0.996219
0,0,0.00030365182
0,0,0.034041002
1,0,0.011134591
1,1,0.99676204
1,1,0.98755616
1,1,0.9399285
1,1,0.9990816
1,1,0.5920605
0,1,0.80655044
1,1,0.95434463
0,0,0.0005534033
0,0,0.0006790607
1,1,0.9206733
0,0,0.041890718
0,1,0.63050705
1,0,0.027565766
1,0,0.0014162525
0,0,0.0344654
1,1,0.90196806
0,0,0.009937094
0,0,0.29284373
0,0,0.00011790661
0,0,0.00018083643
1,1,0.74825305
0,0,0.001341473
1,1,0.9068843
0,0,3.912895e-06
0,0,0.020153
0,0,0.0048097484
1,1,0.7300121
0,0,0.0013341422
1,1,0.92375904
0,1,0.96154875
0,0,0.00026345573
1,0,0.29090235
1,1,0.9420361
1,1,0.7452813
1,1,0.9440005
1,1,0.97784424
0,0,0.006726843
0,0,7.867624e-06
0,0,1.4628356e-05
1,1,0.9238726
1,0,0.024385484
1,1,0.99556607
0,0,0.027462132
0,0,0.015654866
1,1,0.50051093
1,1,0.99122167
1,1,0.9942603
0,0,0.022184331
0,0,0.32248008
0,0,9.480907e-05
1,1,0.99843985
0,0,0.0021217593
0,0,0.27319553
1,0,0.49242324
0,1,0.903403
1,1,0.9884567
0,0,0.0096712895
0,0,0.021932859
1,0,0.42891285
1,1,0.6660876
0,0,0.0008476788
0,1,0.9609195
0,0,0.0053406158
0,1,0.7745561
1,0,0.19661723
0,0,0.060187988
0,0,0.011333458
0,0,0.005805031
1,1,0.95458865
0,0,0.00037063667
0,0,0.061276063
1,1,0.9930721
0,0,0.037067708
0,0,0.038555514
0,0,0.012594279
1,1,0.8686852
0,0,0.020346455
0,0,0.0071596256
0,0,0.00017855386
0,1,0.7983647
1,1,0.8922388
0,0,0.0024068637
0,1,0.8325336
0,0,3.7878094e-06
0,1,0.59148175
0,0,0.00026760576
1,1,0.83742857
1,1,0.9615725
0,0,0.013805332
0,0,0.0004698383
0,0,0.0006303291
1,1,0.97332305
1,1,0.98589003
1,1,0.6790144
1,1,0.9902672
0,0,0.0003439552
1,1,0.89348155
1,1,0.954721
1,0,0.4100987
0,0,0.007662031
1,1,0.89636093
1,1,0.8736233
0,0,0.08621616
0,1,0.6414034
1,1,0.9971469
0,0,0.08078907
1,1,0.51378334
1,1,0.9830814
0,0,0.27357852
1,1,0.9949714
0,0,0.4845003
1,1,0.9898865
0,0,0.0032350852
0,0,2.5300249e-05
0,0,2.00618e-06
0,0,0.00019969259
1,1,0.97709686
0,0,0.0011345878
0,0,0.010724108
1,1,0.88014764
1,1,0.80121535
0,1,0.9424266
0,0,0.0006465267
1,1,0.9357462
0,0,0.0013164217
1,1,0.7625798
0,0,1.5991849e-06
0,0,0.009850921
1,1,0.5008714
0,0,0.027258428
1,1,0.98559767
0,0,4.2978252e-05
1,1,0.88828665
0,0,0.005343512
1,1,0.796811
1,1,0.7743885
0,0,0.0038663745
1,0,0.010989632
0,0,4.5571005e-06
0,0,0.003759637
0,0,0.0032921485
0,0,0.0016593363
1,1,0.9959013
0,0,0.017644687
0,0,0.4928971
0,0,0.00026150976
0,0,0.0024812664
0,0,0.0075830747
0,0,0.013930975
1,1,0.9226987
0,0,0.00457011
0,0,0.031180296
1,1,0.99217963
0,0,0.0018729344
1,1,0.88047844
1,0,0.00876488
0,0,6.23419e-05
0,0,0.0018437797
0,0,0.102654494
0,0,0.48470914
1,0,0.20483832
0,0,0.00020742812
0,0,0.019471653
1,0,0.004609607
1,1,0.9793635
1,0,0.028325412
0,0,0.10567699
1,1,0.9995084
0,0,2.1359056e-06
0,0,0.00019168264
0,1,0.8089959
0,0,4.0807513e-06
0,1,0.7641219
1,0,0.12388803
0,0,3.3535882e-06
0,0,0.12013867
0,0,0.0717169
0,0,0.26135704
1,1,0.9586078
1,1,0.99948406
0,0,0.010575632
1,1,0.98804796
0,1,0.50652015
0,0,3.4764102e-07
1,0,0.357634
0,0,0.011646417
0,0,0.00896802
0,0,0.015727311
1,0,0.03182406
1,0,0.26852036
0,0,0.0021340766
0,0,0.004262671
0,0,0.031842057
0,0,0.00017484333
0,1,0.84577316
0,1,0.95117486
0,0,0.00032569532
1,0,0.03137372
0,0,0.00065814616
1,1,0.99479693
1,1,0.8892769
1,1,0.9701291
0,0,0.05357067
0,0,0.002500439
1,1,0.92194
0,0,0.00105481
0,0,0.007128827
0,1,0.605843
1,1,0.7223931
0,0,0.0067113326
0,0,0.00046106172
0,0,0.10023866
0,0,0.0062671136
0,0,0.002139931
0,0,0.015101424
1,1,0.9939203
0,0,0.015040418
0,0,0.23228978
0,0,0.0018434741
0,0,0.0025624887
0,0,0.00289749
1,1,0.99321365
0,0,2.166004e-05
1,0,0.49712196
0,0,0.49044037
0,0,0.026710646
0,0,0.005772581
1,1,0.998403
0,0,0.18378425
0,0,0.005301439
0,0,0.002772281
0,0,2.1420972e-05
0,0,0.015551325
1,0,0.0011069234
1,1,0.8801673
1,1,0.8354058
0,0,0.00033773272
0,0,0.020238867
0,1,0.76345897
0,0,0.018180331
1,1,0.9978802
1,1,0.9956233
0,0,2.8296126e-05
0,0,0.0387398
1,1,0.89049596
1,0,0.0016629447
1,1,0.9981413
1,1,0.6114669
1,0,0.0028550215
0,1,0.6549734
1,1,0.9920328
1,1,0.99982905
1,1,0.99325114
0,0,0.0004566231
0,0,1.3490807e-05
0,0,0.018974898
0,0,0.027947571
0,0,0.42585298
1,0,0.4750791
0,0,0.11683264
0,0,0.0007683285
0,0,0.023099119
0,0,0.011974687
0,0,0.00028174114
0,0,0.00014773165
1,1,0.8681856
0,0,0.20318013
1,1,0.8564849
0,0,0.0035606353
1,1,0.98907554
0,0,0.0024657664
0,0,0.0007890005
0,0,0.008907463
0,0,0.014862022
0,1,0.9392292
0,0,6.8277e-05
0,0,8.133594e-06
1,1,0.6772877
0,0,0.38313645
1,1,0.6381507
1,1,0.9508192
0,0,0.0017531611
1,1,0.7000887
0,0,0.0011722372
0,0,0.0029762918
0,1,0.9882608
0,0,0.086291105
1,1,0.9906866
1,1,0.9721025
1,1,0.7982088
0,0,0.060470007
0,0,0.0010869488
0,0,0.18348037
0,0,0.0021970056
1,1,0.8917001
0,0,0.04328127
1,1,0.77597594
1,0,0.11133676
1,0,0.4593433
0,0,1.6699798e-05
0,0,0.02083135
0,0,0.25168198
1,1,0.9934161
1,0,0.009791427
0,0,0.015082776
0,1,0.8407435
1,1,0.9920529
0,1,0.57663673
0,0,0.056886513
0,0,0.038593065
0,0,0.0057371673
1,1,0.99723166
0,0,0.008905874
1,1,0.91398686
0,0,0.0005554119
0,0,0.015957361
0,1,0.7295882
0,0,0.00068526604
0,0,0.22355446
0,0,8.8600755e-06
1,1,0.9731311
0,0,0.010350787
1,1,0.96829075
0,0,0.1464545
0,1,0.9698934
1,1,0.67694247
0,0,0.0003298444
1,1,0.925133
0,0,0.05455369
0,0,0.000824684
1,1,0.99955314
1,1,0.9810168
0,0,1.3369048e-06
1,1,0.9336715
1,1,0.6168056
1,1,0.9957723
0,0,0.00016669456
0,0,0.06839439
1,0,0.25666776
1,1,0.9580829
1,0,0.4465487
0,0,3.784332e-05
1,0,0.28631237
0,0,0.0015230268
0,0,2.7524558e-05
0,0,0.0027533143
0,0,0.006312289
0,1,0.8397479
0,0,0.008130625
1,1,0.5611233
0,0,0.022157712
0,1,0.98542213
0,1,0.87885714
0,0,0.0020409867
1,1,0.8042089
1,1,0.93186885
1,1,0.9997068
1,1,0.92503726
0,1,0.829288
0,0,0.00075028534
1,0,0.012931242
1,1,0.7810555
1,1,0.67397505
0,0,0.0022462641
0,0,0.0037797256
1,0,0.08526375
0,0,0.2744872
0,0,0.012860697
1,1,0.9923994
0,0,0.000832885
0,0,0.0052977568
0,1,0.7765077
0,0,0.00189788
1,1,0.7752293
1,1,0.9704222
0,0,0.0029736753
0,0,0.07508506
0,0,1.8532404e-05
1,1,0.9887531
0,0,0.010535005
0,0,5.7109824e-05
1,0,0.29324615
0,0,0.0001986265
0,0,0.025296511
0,0,0.00282756
0,0,0.00027178074
1,1,0.5623949
1,1,0.9882924
0,1,0.5099224
0,0,0.0007867189
0,0,0.2169324
1,1,0.9988287
1,1,0.998295
1,1,0.99771297
1,0,0.2999892
1,1,0.7993022
0,0,1.9650408e-05
1,0,0.13902561
0,0,0.0013056807
1,0,0.3501981
0,0,0.31882736
0,0,0.0011024016
0,0,0.00050342246
1,1,0.5063406
0,0,0.0010163555
1,0,0.48297992
0,0,4.3248125e-05
1,0,0.30630106
0,0,0.016154032
1,1,0.99832803
1,1,0.9252687
1,1,0.70201844
0,0,0.32823887
1,1,0.70143145
1,0,0.012073717
0,0,0.030540178
0,1,0.7294102
0,0,0.001010079
0,0,0.005450539
1,1,0.93261623
0,0,0.02177342
0,0,4.5002518e-05
1,1,0.9456614
1,1,0.9234428
0,0,0.0013150765
1,1,0.98870075
0,0,0.0015533528
1,1,0.55546635
1,1,0.85237217
0,0,8.755425e-05
0,0,0.40380207
1,0,0.02989377
0,0,0.0022652983
0,0,0.0056209266
0,0,0.0081480825
1,1,0.62934965
0,0,0.00041880622
0,0,4.544439e-05
1,0,0.01130647
0,0,0.027452098
1,1,0.9972179
0,1,0.824036
0,0,1.0729539e-05
1,1,0.9996655
0,0,0.022319864
0,0,0.0014019548
0,0,2.499489e-06
1,1,0.9385395
0,0,0.00015462619
1,1,0.66787565
0,0,0.001972068
0,0,0.00070894236
0,0,0.0044992235
0,0,0.044706445
0,0,0.00036533183
0,0,0.00034623744
0,0,4.3409025e-05
0,1,0.9187955
0,0,0.0020392633
0,1,0.70877445
1,0,0.36716512
0,0,0.2757071
1,1,0.98703974
1,1,0.9601131
0,0,0.010616259
1,0,0.0064636953
1,1,0.95053583
0,0,0.025252258
1,1,0.979126
0,0,0.016234972
0,1,0.70220464
0,0,0.05956123
1,1,0.52898073
0,0,0.007184707
0,0,0.43028998
1,1,0.97793365
0,0,0.0007562974
0,0,0.0024349876
0,0,0.015232848
0,0,0.0028578874
1,1,0.9882776
0,0,0.008321821
1,1,0.9782121
1,1,0.94949245
1,0,0.16305837
0,0,0.014801892
1,1,0.7189893
1,1,0.989748
0,0,0.00814282
1,1,0.80019444
0,0,0.020260323
0,0,0.04641363
0,0,0.11031044
0,0,0.059806004
0,0,0.029597482
1,1,0.99547654
1,1,0.9425383
0,0,5.3316635e-06
0,0,6.0665157e-06
0,0,0.030097364
0,0,0.30232447
0,0,0.09456982
0,0,0.0006673227
0,0,0.019660417
1,1,0.7249456
0,0,0.024418574
1,1,0.99687093
0,0,0.0608302
0,1,0.7560353
0,0,0.012458972
0,0,0.47454476
1,1,0.9949444
1,1,0.9736376
0,0,0.013355777
1,0,0.0010659868
0,1,0.96051335
1,1,0.9979754
0,1,0.98993766
1,1,0.994463
0,0,0.0083122635
0,0,0.16972975
0,0,1.7743694e-05
0,0,0.20410682
0,0,0.0061194715
0,0,0.00093798287
0,0,0.20119745
1,1,0.7816513
1,1,0.94320387
0,0,0.0014220271
0,0,0.016431198
0,0,0.0014070027
0,0,0.17278345
0,0,9.232844e-07
1,1,0.98590314
1,1,0.9589186
0,0,0.008844085
1,0,0.12371235
0,0,0.05027202
0,0,0.002708178
0,0,6.8783224e-06
1,1,0.99414885
1,1,0.9348678
0,1,0.61106193
0,1,0.7127537
0,1,0.6391248
1,1,0.61504185
0,0,0.00047573002
1,1,0.9916003
1,1,0.98518974
0,0,0.05682175
1,1,0.8819164
1,1,0.93567836
0,1,0.99826413
0,0,3.944299e-06
0,0,0.0005663008
0,0,0.012105169
0,0,0.0007289695
1,1,0.9986413
0,0,0.014613267
0,0,0.00022592628
0,0,0.001230582
0,1,0.81590015
0,0,0.044534765
0,0,0.0020218599
0,0,0.00050746964
1,1,0.9704715
1,1,0.98211193
0,0,0.03849135
0,0,0.46310583
0,0,0.0013432879
1,1,0.8967029
1,1,0.9893217
1,1,0.97572017
1,1,0.80191636
1,1,0.7134676
0,0,0.0012151576
0,0,0.0007824569
1,1,0.5732186
1,0,1.3192443e-05
1,1,0.65233415
1,1,0.85165507
0,1,0.5348187
0,0,0.045843557
1,0,0.40633467
0,0,0.2323041
0,0,0.0029226646
1,1,0.99858665
1,1,0.9948991
1,0,0.3299316
1,1,0.5365354
0,1,0.92165744
1,1,0.51479614
1,1,0.9621051
0,0,0.27782026
0,0,0.0012406212
0,0,0.016808122
1,1,0.9242593
0,0,0.13946107
1,1,0.9328416
0,0,0.09031609
0,1,0.9577956
1,0,0.09643443
0,0,0.0078196535
0,0,0.018293036
1,1,0.7059456
1,1,0.9683248
0,0,9.909593e-05
0,0,0.00094497064
0,1,0.96857876
0,0,0.0008160022
0,0,0.0073472033
1,1,0.9678526
1,1,0.9987991
1,1,0.9920717
1,0,0.00047065772
0,0,0.00013924662
0,1,0.5192748
0,0,0.0068541826
1,1,0.6139613
0,0,9.3972885e-05
1,1,0.9911957
0,0,0.21526831
1,0,0.19518416
1,1,0.9948548
0,0,0.064449936
0,0,3.3359674e-06
0,0,0.0010546704
0,0,0.010705154
0,0,0.3676666
0,0,0.04054084
0,0,0.035851996
0,0,0.00057923596
1,1,0.959941
1,1,0.9694727
0,0,0.16408016
0,1,0.98553073
1,0,0.07664492
0,0,0.03358562
0,0,0.03285695
0,0,0.0007459714
1,1,0.8567605
1,1,0.97570246
0,0,0.0029127987
0,0,0.1962151
0,0,0.1304122
0,0,6.675197e-05
0,0,0.001449092
1,1,0.98222363
0,1,0.95653313
0,0,0.0073870355
1,1,0.98468035
0,0,0.009637903
0,1,0.5645577
1,1,0.92134625
0,1,0.56287044
0,0,0.0967385
0,0,1.874222e-05
1,1,0.5188703
0,0,0.06248036
0,0,0.002154122
1,1,0.9159386
1,1,0.8850293
1,1,0.87098217
0,0,0.0005121256
0,1,0.7955439
0,0,0.49769786
1,1,0.9991116
0,0,0.17976777
1,1,0.99912196
0,0,0.010371925
0,0,2.7464412e-05
0,0,0.046044774
0,0,0.000106206935
1,1,0.99926966
1,1,0.9681749
0,0,0.0003947047
0,0,0.27825776
0,1,0.9920254
0,0,0.0007501302
0,0,5.89037e-05
1,1,0.5583808
1,1,0.7492697
1,1,0.98633724
1,1,0.7529247
0,0,0.014673745
0,0,0.0546547
0,0,0.0020978115
1,1,0.9710241
0,0,0.03649939
0,0,0.04037279
0,0,0.00017954681
0,1,0.5862516
0,0,0.015217762
1,1,0.7547327
0,0,0.4038423
1,1,0.9365244
1,1,0.99216753
0,1,0.96688384
0,0,4.6800874e-06
1,1,0.9642915
1,1,0.91132283
1,1,0.9906495
0,0,1.0834437e-06
1,0,0.0007073699
1,1,0.8689638
0,0,0.0045322618
0,0,0.0024167106
0,0,0.057073552
0,0,0.14849849
0,0,0.008996042
0,0,0.11078975
0,1,0.9611562
1,1,0.99897766
1,1,0.9538928
0,1,0.6438833
0,0,0.00023061663
0,0,2.6441312e-06
1,1,0.53129494
0,0,0.11639329
0,0,0.0054542823
1,1,0.97224957
0,0,4.285359e-06
0,1,0.75233203
1,1,0.9600308
0,1,0.84977645
0,0,0.0006219237
1,1,0.70567393
1,1,0.9997434
0,0,0.00041403755
0,0,0.0050360993
1,0,0.10568245
1,1,0.70471686
0,1,0.9905895
1,1,0.9856091
0,0,0.16308057
0,0,0.0013100517
1,1,0.9968274
0,0,0.083968244
0,0,0.00070976035
0,1,0.9211693
1,1,0.9411175
1,0,0.029736811
1,1,0.99976665
1,1,0.9869185
1,1,0.91415596
0,0,0.019134415
0,0,2.0156546e-07
0,0,0.0033641288
1,0,0.25425735
0,0,0.0136023965
1,1,0.98426825
0,1,0.9490549
1,1,0.63999856
0,0,0.00018495996
0,0,1.0170473e-05
0,0,3.600946e-06
1,1,0.99968517
0,0,0.0011172132
1,1,0.90637875
1,1,0.9644811
1,1,0.71618795
1,1,0.93726146
0,0,0.0017489524
0,0,0.0025431593
1,1,0.73684347
0,1,0.6113056
0,0,0.12052112
1,0,0.018312102
0,0,0.0016034556
1,1,0.96335906
1,1,0.99292505
1,1,0.9933323
0,0,0.008222597
0,1,0.9292336
0,0,0.0030288368
1,1,0.9991903
0,0,0.00086075586
0,0,0.056401264
0,0,0.0017220497
0,0,0.060377475
1,1,0.97194177
1,1,0.9868869
0,0,0.00637831
0,0,0.0023405477
1,1,0.99739575
1,1,0.70531905
1,1,0.99665606
0,0,0.0017084684
1,1,0.99715626
1,1,0.9980557
0,1,0.5534823
1,0,0.14314629
0,0,0.00655335
1,1,0.993218
1,1,0.88131756
1,1,0.9922805
1,1,0.9986052
0,1,0.9393602
0,0,0.0006696475
0,1,0.99030614
1,1,0.6375654
1,1,0.99731964
0,0,0.07423858
0,0,3.5359317e-05
0,1,0.95736325
0,0,0.0019767834
0,0,0.0017648569
0,0,0.00013171653
0,0,0.008857405
1,0,0.05194554
1,0,0.13744076
0,0,0.468277
1,1,0.9153957
1,1,0.98911065
1,1,0.7841908
1,1,0.61717075
1,1,0.9868264
0,0,3.2805532e-05
0,1,0.9924159
0,0,0.046478525
1,1,0.8226751
1,1,0.9228882
0,0,0.031137913
1,1,0.56113833
0,0,0.006326248
1,1,0.98257035
0,0,0.0787748
0,0,0.0020162987
1,1,0.9922909
0,0,0.3023898
1,1,0.962376
0,1,0.97452
0,0,0.2471279
0,0,0.14086097
1,1,0.98791295
0,0,0.0057360143
1,1,0.9589364
0,1,0.7223457
0,0,0.018050872
0,0,0.008746765
1,1,0.63989806
1,1,0.94631356
0,0,0.06304566
0,0,0.024843512
0,0,4.1269937e-05
1,1,0.7556911
1,1,0.99716705
0,0,0.047266934
0,0,0.13729598
0,0,0.043656006
0,0,0.02302338
0,0,0.09265683
0,0,0.18629935
0,0,0.00020341651
1,1,0.9967014
0,0,0.0002618678
1,1,0.79725677
0,0,0.0026694438
0,1,0.74270856
1,0,0.09854357
0,0,0.020827241
0,0,0.001154126
0,1,0.97241217
0,1,0.91616315
0,0,0.012651148
1,1,0.9890254
0,0,0.016897935
0,0,0.045533005
0,1,0.9763338
0,1,0.7056011
1,1,0.63897127
1,1,0.85111016
1,1,0.90565574
1,1,0.8682151
0,0,0.02062006
1,1,0.9735311
1,1,0.9996164
1,1,0.9852326
0,0,0.045573402
1,1,0.9415623
1,1,0.9990369
0,0,0.0021533906
0,0,0.20671341
1,1,0.97069216
0,1,0.90673244
0,0,0.17608458
1,1,0.65234303
0,0,0.017296351
0,1,0.5395545
0,0,0.23659725
0,0,0.030072523
1,1,0.88805205
1,1,0.9874233
0,1,0.90782964
1,1,0.9395776
0,0,0.050305225
0,0,0.1678102
0,0,0.33847973
0,0,0.04474302
1,1,0.99890685
0,0,0.029774487
1,1,0.9919661
0,0,0.010128682
1,0,0.16620149
1,1,0.97651994
1,0,0.28704146
1,1,0.85692006
0,0,0.00079434464
0,0,0.029232126
0,0,0.24373941
1,1,0.98783946
1,1,0.977786
0,0,0.0036551477
1,1,0.95190525
1,1,0.9232237
1,1,0.9929503
1,1,0.7537245
0,0,0.004059143
0,1,0.7720926
1,1,0.97966444
1,1,0.9973278
1,1,0.9842933
0,0,0.00047880842
0,0,0.4317148
1,1,0.9586631
1,1,0.9632055
0,0,0.3877096
1,1,0.99433386
1,1,0.6850407
0,0,0.08681079
0,0,0.15668382
0,0,0.012602512
0,0,0.0008214844
0,1,0.86530113
1,1,0.83685184
0,0,0.008046924
0,1,0.7954629
1,1,0.8493272
1,1,0.6377658
1,1,0.9154848
1,1,0.9816522
0,1,0.5862505
1,1,0.99159336
1,1,0.93579024
0,0,0.0808448
0,0,0.0024165923
1,1,0.98667055
0,0,0.0080302935
1,1,0.97069025
0,1,0.71195024
0,1,0.8504773
0,0,0.47779384
0,0,0.18868417
0,0,0.061315272
0,1,0.90475607
1,1,0.9595966
1,1,0.94789296
1,1,0.95551807
0,0,0.0051009315
1,1,0.9991691
0,0,0.015335913
1,1,0.990437
0,0,0.049947076
0,0,0.0023298985
1,1,0.99691594
0,0,0.011563195
0,1,0.6391363
0,0,0.059761956
0,0,0.00031796802
0,0,0.34016654
1,1,0.9834046
0,0,0.18020189
0,0,0.007799587
0,0,0.013637213
0,0,0.017700586
1,1,0.65272266
0,0,0.17704813
1,1,0.9925936
0,0,0.18469146
0,0,0.14146286
1,1,0.9885101
1,1,0.869566
0,0,0.026506169
0,0,0.0058790557
1,1,0.9877307
1,1,0.9811901
1,1,0.98270184
1,1,0.9954346
0,1,0.9478262
0,0,0.034619935
0,1,0.8880606
0,0,0.0014402323
0,0,0.12911431
0,0,0.28928974
1,1,0.9013943
0,0,0.21713611
1,1,0.88027143
0,0,0.007410313
0,0,0.008886856
1,0,0.22047354
1,0,0.29607302
0,0,0.081075005
0,1,0.52565664
1,1,0.7953122
0,1,0.89591825
0,0,0.017873457
1,1,0.97286034
0,0,0.49361458
0,0,0.13131973
1,1,0.96155214
0,0,0.09615505
1,1,0.9594343
0,0,0.0054269847
0,1,0.8707801
0,0,0.21796468
1,1,0.9372219
0,0,1.3394314e-05
1,1,0.97773916
1,1,0.9774311
0,0,0.42565322
0,0,0.055702373
0,0,0.2987035
1,1,0.8921424
1,1,0.94343394
1,1,0.9391255
0,1,0.68778306
0,0,0.00930751
1,1,0.72806406
1,1,0.9229343
0,0,0.00416791
0,1,0.9523264
0,0,0.00037454988
1,1,0.7083808
0,0,0.026085338
0,1,0.64404666
0,0,0.0126111
0,0,0.04279731
1,1,0.9232349
0,1,0.9101217
1,0,0.0014543835
0,0,0.22166777
1,1,0.8264173
1,1,0.53606784
0,0,0.026561996
0,0,0.0364221
0,0,0.022199713
1,1,0.8648021
1,1,0.9752202
0,1,0.5724942
0,0,0.15401678
1,1,0.98346114
0,0,0.16799557
0,0,0.014948722
1,1,0.9353237
0,1,0.7560018
1,1,0.99815553
1,1,0.9993647
1,1,0.9278124
1,1,0.9897621
0,1,0.9697921
1,1,0.9836722
0,1,0.9477865
0,0,0.02778256
0,0,0.01758716
1,1,0.9552974
1,1,0.98619056
0,0,0.37303367
1,1,0.9697828
0,0,0.040628836
0,0,0.010791324
0,0,0.0066647218
0,0,0.040532887
0,0,0.00029325957
1,1,0.90960395
0,0,0.008732435
0,1,0.6376897
0,0,0.08616782
1,1,0.93933916
1,1,0.9987735
0,0,0.021048177
0,0,0.20805642
1,1,0.9957753
0,0,0.0036809512
1,1,0.9873376
0,0,0.017521258
1,1,0.9747208
0,0,0.005116185
1,1,0.777591
1,0,0.31177297
1,1,0.99822146
0,1,0.7051164
0,0,0.005986096
1,1,0.9759662
0,1,0.6474207
0,0,0.018334849
1,1,0.9577838
0,0,0.0036020454
0,1,0.77038723
1,1,0.97448575
1,1,0.9414175
0,1,0.7255586
0,0,0.03333011
0,0,0.1381735
0,0,0.033995822
0,0,0.0008980386
1,1,0.5295001
1,1,0.99971277
0,0,0.12046386
1,0,0.43390912
0,0,0.03532789
0,0,0.35198092
1,0,0.030645344
1,1,0.9209868
0,1,0.67146254
1,1,0.97151357
0,0,0.00040484645
0,0,0.22056884
0,0,0.14670902
1,1,0.98742384
0,1,0.7389144
0,0,0.13956642
0,0,0.03398654
0,0,0.43776134
0,0,0.19271956
1,0,0.40908846
1,1,0.97190094
1,0,0.16469006
0,1,0.8060591
0,0,0.1793253
0,0,0.32036877
0,0,0.023351973
0,0,0.002052742
0,1,0.6678115
0,0,0.13244459
0,0,0.08901089
1,1,0.9922448
0,1,0.958355
1,1,0.9464732
0,0,0.102383904
0,0,0.0014404141
0,0,0.003244401
1,1,0.7651114
1,0,0.029710086
0,0,0.08437388
1,1,0.9435642
0,0,0.2592771
0,0,0.38059983
0,0,0.00033068034
0,0,0.0009338533
0,0,0.24677679
1,1,0.9814933
1,1,0.97481084
1,1,0.94306475
0,0,0.11571725
1,1,0.92530346
0,0,0.0015021961
1,1,0.9806115
0,1,0.9434282
1,1,0.8927278
1,1,0.7933309
0,0,0.20185581
0,0,0.18218642
0,0,0.0037374261
0,0,0.20255995
0,1,0.9628284
1,1,0.6766563
0,1,0.75662243
1,1,0.9871399
0,0,0.030441737
1,1,0.9978822
1,1,0.7495003
1,1,0.77444106
0,0,0.045162804
1,1,0.9819847
0,1,0.8512121
0,0,0.00886527
1,1,0.9649218
0,0,0.0056349947
0,0,0.061421897
0,0,0.036351923
0,1,0.78839916
0,0,0.006728956
0,1,0.88801235
0,0,0.07307233
0,0,0.16702831
0,0,0.03721108
0,0,0.006430189
1,1,0.97781485
0,0,0.006334259
1,1,0.9922116
1,1,0.91135496
0,0,0.00018488626
0,0,0.12176692
0,0,0.007877784
1,1,0.98867434
0,0,0.007289602
0,0,0.0047713895
0,0,0.0018226305
0,0,0.12417683
0,0,0.01965846
0,0,0.0006621668
0,0,0.15918508
0,0,0.0013154165
0,1,0.79657644
1,1,0.79689056
1,1,0.99635965
1,1,0.9094567
0,0,0.00016009653
1,1,0.9734061
0,0,0.00015667401
1,0,0.49963441
1,1,0.88029623
0,1,0.6943601
1,1,0.98636544
1,1,0.97317094
0,0,0.2714584
1,1,0.9952212
1,1,0.9546524
0,0,0.004327202
1,1,0.87247056
0,1,0.8174999
1,1,0.99226683
0,0,0.38029265
1,1,0.97535646
0,0,0.09315033
1,1,0.7992186
1,0,0.4198109
0,0,0.022720573
0,1,0.9657957
0,1,0.7974054
1,1,0.9797855
0,0,0.2382239
0,0,0.36495134
1,1,0.869566
0,0,0.0022874875
0,0,0.07022962
0,0,0.0012127196
0,0,0.088785894
0,1,0.5429727
0,0,0.004069539
0,0,0.36415917
0,1,0.8483858
0,0,0.18981735
0,0,0.35567838
1,0,0.43651074
0,0,0.3348064
0,0,0.014263566
1,1,0.94279766
0,0,0.0011966549
0,0,0.44427782
0,0,0.1864961
0,0,0.016478542
1,1,0.9450066
0,1,0.88890177
0,1,0.94163
0,0,0.002552092
0,0,0.0944716
1,1,0.8014844
0,0,0.4403321
0,0,0.03087807
0,1,0.9748682
0,1,0.70351005
1,1,0.99644655
0,0,0.032063518
1,1,0.96807534
0,0,0.123492874
1,1,0.6070204
0,0,0.046095643
1,1,0.88619494
0,0,0.014519482
0,1,0.8207346
1,1,0.5334766
0,0,0.4597979
0,0,0.00037623904
0,0,8.563991e-05
0,1,0.5127734
1,1,0.8500418
0,0,0.13640091
1,1,0.9853837
1,1,0.7890707
0,0,0.0008779031
1,1,0.9897654
1,1,0.9966838
1,1,0.9625691
0,0,0.079699755
0,0,0.05025197
0,0,0.07035279
0,0,0.005493571
0,0,0.17689082
1,1,0.9905488
0,0,0.08364043
0,0,0.0769803
0,0,0.018855426
0,1,0.915652
0,0,0.06363679
0,0,0.0046700384
0,0,0.21771772
1,1,0.93809074
0,0,0.0009235822
0,0,0.17897922
1,1,0.9838771
1,1,0.9875393
1,1,0.7212904
0,0,0.0742618
0,0,0.16369045
0,0,0.0088553615
0,0,0.027649025
0,0,0.4756698
0,0,0.021772437
0,0,0.029045042
1,1,0.99888533
0,0,0.05105757
1,0,0.0035332409
1,1,0.9666734
0,0,0.31777298
0,0,0.07744996
1,1,0.9178444
1,1,0.71723187
1,0,0.23991434
1,1,0.9383682
0,0,0.43395564
0,0,0.43016046
1,1,0.89341235
0,0,0.00035311998
0,0,0.0038959277
1,1,0.85541224
1,1,0.9632145
1,1,0.7421357
0,0,0.0013784852
0,0,0.022554023
0,1,0.7138143
0,1,0.8020033
1,1,0.61514884
1,1,0.9987147
0,0,0.43425965
0,0,0.00014810795
1,1,0.9838303
1,0,0.4853764
0,1,0.7869959
1,0,0.17438248
0,0,0.13955796
0,0,0.18477952
1,1,0.987435
1,1,0.9159201
0,1,0.85150385
1,1,0.8372217
0,1,0.69543177
0,0,0.006602157
0,0,0.22916439
1,1,0.9510322
0,0,0.09816197
0,0,0.25462946
0,0,0.0015760297
0,0,0.4549951
0,0,0.003577781
0,0,0.0045686485
1,1,0.95002365
1,1,0.9820738
0,0,0.0007992683
0,0,0.124190874
0,1,0.9084005
0,0,0.08080181
0,1,0.8686127
0,0,0.056210592
1,1,0.94928074
0,0,0.065562814
1,1,0.9670924
0,0,0.0024805923
1,1,0.99729437
0,0,0.015522465
1,1,0.6825256
0,0,0.39794523
0,0,0.21169104
0,1,0.9396123
0,0,0.27118737
0,0,0.0127905365
1,1,0.9962213
0,0,0.09432843
1,1,0.7924709
0,0,0.191593
1,1,0.992471
1,1,0.9509376
1,1,0.9348355
1,0,0.10079181
0,1,0.55623585
0,0,0.0035301014
1,0,0.30499524
0,0,0.00073069276
0,0,0.21536279
0,0,0.041473143
1,1,0.79827094
1,1,0.9783775
1,1,0.9814906
0,0,0.0024145022
0,1,0.6642196
1,1,0.9562738
1,1,0.98404306
1,1,0.94903946
0,0,0.02379146
0,0,0.11742735
0,0,0.020104358
0,0,0.10980893
1,1,0.9506914
0,0,0.010922853
0,0,0.4525068
1,1,0.9548134
0,1,0.6207731
1,1,0.67663556
0,0,0.15702577
1,1,0.9924231
1,1,0.98394406
0,1,0.5042439
1,0,0.007959901
1,1,0.97797126
0,0,0.0005919845
1,1,0.88868004
0,1,0.84791696
0,0,0.03329327
0,0,0.007821026
0,0,0.00514264
1,1,0.8919789
1,1,0.99656135
0,0,0.009960974
1,0,0.2994761
0,0,0.15105374
0,1,0.6600157
1,1,0.9665246
0,0,0.047458995
0,0,0.0045217327
1,1,0.917745
0,1,0.9013021
0,0,0.11245286
1,1,0.63731873
1,1,0.99353963
0,1,0.83322406
0,1,0.6122659
1,1,0.9576781
0,0,0.3269093
1,1,0.99698573
0,0,0.01810335
1,1,0.9553852
0,0,0.017429177
0,1,0.9387513
0,0,0.00033915802
1,1,0.9987513
0,0,0.010423575
0,1,0.8068597
0,1,0.7531923
0,0,0.0076106437
0,0,0.23449987
1,1,0.82846063
0,1,0.9697704
1,1,0.94160414
0,1,0.98823315
1,0,0.096114926
0,1,0.97156286
0,0,0.00056959945
1,1,0.61294687
0,1,0.9961552
1,1,0.9207212
0,0,0.0015040798
0,0,0.0377843
0,0,0.0044312547
1,1,0.95845294
0,0,0.0005463897
1,1,0.99190474
0,0,0.11598269
1,1,0.99659973
1,1,0.9365316
0,0,0.19129604
0,0,0.00025149158
0,0,0.010020659
0,0,0.08838994
1,1,0.96703565
0,0,0.057031423
0,0,0.017519051
1,1,0.9993963
1,1,0.90321934
1,1,0.9832153
0,0,0.4727843
0,1,0.9964701
1,0,0.4967835
1,1,0.87068623
0,0,0.037925832
0,1,0.815841
0,1,0.84911335
1,0,0.48239112
0,0,0.00027564864
0,0,0.0074411496
0,0,0.43937582
1,1,0.77739525
0,1,0.6352646
0,0,0.03180482
1,1,0.9543165
1,1,0.94662786
1,1,0.71917856
1,1,0.99897444
1,1,0.974799
0,0,0.0030086893
0,0,0.006673519
1,1,0.7090113
1,1,0.93289065
1,1,0.9637917
1,1,0.999946
1,1,0.9548076
0,0,0.0031817772
0,1,0.8085438
1,1,0.976273
0,0,0.011265367
1,1,0.6478406
1,1,0.89388734
0,0,0.00037754994
1,1,0.98318684
0,1,0.7561556
1,1,0.99628866
0,1,0.97375894
0,0,0.22164282
1,1,0.9932372
1,1,0.95954347
1,1,0.9034024
0,1,0.8982362
1,1,0.9944502
0,1,0.96250606
0,0,0.043340705
1,1,0.8495713
1,1,0.9634543
0,0,0.007920537
0,0,0.009095599
0,1,0.72777975
0,0,0.3021927
1,1,0.9550313
0,0,0.04783943
0,1,0.7207977
0,0,0.1787334
0,0,0.091946356
1,1,0.99000335
0,0,0.1693863
0,0,0.23766212
0,0,0.022620112
1,1,0.9935375
0,0,0.285986
0,0,0.026635155
0,1,0.68208164
0,1,0.8590806
0,0,0.0019124073
0,0,0.41375384
1,1,0.9990409
0,0,0.08384976
1,1,0.98861223
0,1,0.89988065
0,1,0.95271015
1,1,0.65540856
1,1,0.7494115
1,1,0.9516543
0,0,0.027239053
0,0,0.00264734
0,0,0.03373492
1,1,0.9185783
0,1,0.530562
1,1,0.96186393
1,1,0.9698083
0,1,0.7686401
1,1,0.9983211
1,1,0.98848236
0,1,0.52157456
0,0,0.05662327
0,1,0.9445918
1,1,0.9310988
1,1,0.95468295
1,1,0.9936743
1,1,0.95903814
1,1,0.96455795
0,0,0.0052542314
0,0,0.08791823
0,1,0.82807744
1,1,0.88340443
1,1,0.961785
1,1,0.98357004
0,0,0.0478027
0,0,0.022531984
0,0,0.021138746
1,1,0.9605643
0,1,0.73033506
1,1,0.9254221
1,1,0.78051424
0,0,0.18028091
0,0,0.058552887
0,0,0.026049757
1,1,0.9580745
0,0,0.17216253
0,0,0.00050681917
0,1,0.78234845
1,0,0.030422468
0,0,0.045781646
0,0,0.016967867
1,1,0.981795
0,0,0.00019546231
1,0,0.46991143
1,0,0.3441035
1,1,0.9989292
0,0,0.07089166
1,1,0.99949753
0,1,0.9528271
0,1,0.952649
0,1,0.7966819
1,1,0.86727095
0,0,0.0011699749
0,1,0.95249605
0,1,0.84593034
0,0,0.20868975
1,0,0.29700756
1,1,0.9939703
0,0,0.00010177133
0,0,0.008589436
1,0,0.39835474
0,0,0.02329723
0,0,0.006989189
1,1,0.8424899
0,0,0.043073498
1,1,0.9657934
0,0,0.24467735
0,0,0.050083395
1,1,0.80051684
0,0,0.037491214
0,0,0.05142326
1,1,0.7903471
0,0,0.36343238
1,1,0.9527506
0,0,0.24635419
0,0,0.1385665
0,1,0.6025725
0,0,0.024076657
0,0,0.022788413
0,0,0.48411477
0,0,0.05404142
0,0,0.14975998
0,0,0.038436703
0,0,0.06721813
1,1,0.8632096
0,1,0.7754955
0,0,0.00069352414
1,1,0.8481352
0,0,0.009272362
0,0,0.007809313
0,0,0.02349688
0,0,0.21104647
0,0,0.0154320495
0,0,0.0007466161
0,1,0.74044377
1,1,0.9295993
0,0,0.03926127
0,0,0.23703633
1,1,0.9863711
0,1,0.98763263
1,1,0.7228244
0,0,0.22183879
0,1,0.85131025
0,0,0.13202041
0,0,0.0039371382
0,0,0.14499865
0,0,0.044881232
1,1,0.99581784
0,1,0.86052316
0,1,0.77062374
1,1,0.98682433
1,1,0.91644263
0,1,0.8255479
0,0,0.021522086
1,1,0.92518294
0,0,0.23261937
0,1,0.79542834
0,0,0.18845384
1,0,0.2592998
1,1,0.93927914
0,0,0.029535366
1,1,0.770317
0,0,0.029891374
0,0,0.051117882
0,0,0.15031825
0,0,0.018680574
1,1,0.69207376
0,0,0.0012233608
1,1,0.9975095
1,1,0.6598041
0,0,0.22468787
1,1,0.95105356
0,1,0.92931706
1,1,0.9760222
1,1,0.98096794
0,0,0.025830727
1,1,0.983984
1,0,0.48364663
1,1,0.91609925
1,1,0.825774
0,0,0.019819694
1,1,0.5867099
1,1,0.81746686
1,0,0.28476927
0,0,0.071619876
0,0,0.029710732
1,1,0.96756417
1,1,0.9146323
0,0,0.15523902
0,0,0.029788146
0,1,0.6488915
1,1,0.9394779
1,1,0.94014084
1,1,0.93066525
1,1,0.9004597
0,0,0.0039132396
0,0,0.057184383
0,0,0.009998059
1,1,0.8632625
0,1,0.55189985
0,0,0.275316
1,1,0.7828145
0,0,0.18990654
0,0,0.003443367
0,0,0.06788806
0,1,0.94644994
1,0,0.051742885
1,1,0.8183093
1,1,0.98353726
1,0,0.08213759
0,0,0.00019250723
0,0,0.11038422
0,0,0.01183926
0,0,0.0082110595
0,0,0.07607443
0,0,0.012405294
1,1,0.9296031
1,1,0.658674
0,0,0.0016206655
1,1,0.72842795
0,1,0.8284091
0,0,0.100798294
1,1,0.95915836
1,0,0.3014283
1,1,0.9393548
0,0,0.013414075
0,0,0.002311248
0,0,0.016004032
0,0,1.8189583e-05
0,0,0.11503721
0,1,0.9727677
0,0,0.011534106
0,0,0.0055152387
0,0,0.0015388282
0,0,0.22205703
0,0,0.00087314716
0,0,0.20056432
0,0,0.00065217575
0,0,0.13000311
0,0,3.5646528e-05
0,0,0.029418541
0,1,0.58398885
1,1,0.7952808
1,1,0.9052278
1,1,0.9998437
1,1,0.6444678
0,0,0.0010554363
0,0,0.012691384
0,0,0.000975646
0,0,0.0026097158
0,0,0.0002712948
0,0,0.00021090818
1,1,0.71590555
1,1,0.9828995
1,0,0.3642703
1,1,0.63315773
0,0,7.9364385e-05
1,1,0.97428143
1,1,0.81683826
0,1,0.5016947
0,0,0.033794083
1,1,0.9911583
1,1,0.9966652
0,1,0.62017536
0,0,0.0053924364
1,1,0.5412767
0,0,0.0048408685
0,0,0.006310958
0,0,0.0045611816
1,1,0.99692553
0,1,0.8703443
0,1,0.94184864
0,0,3.6757483e-05
1,1,0.6140595
1,1,0.9416901
0,0,0.44911414
0,0,0.0017888321
1,1,0.9994766
1,1,0.77461565
0,0,0.31943154
1,1,0.9971443
0,0,1.5891621e-05
1,1,0.68779624
1,1,0.60591865
1,1,0.9607467
0,0,0.00089118833
0,1,0.9591571
0,0,0.0020472489
0,0,0.0028373972
0,1,0.61020964
0,1,0.59624666
1,1,0.76620495
0,1,0.6080866
0,0,0.15779649
0,0,0.00062302983
0,0,0.35018247
1,1,0.9899318
1,1,0.7401397
1,1,0.9759847
1,0,0.010923909
1,0,0.0077381697
0,1,0.80275506
1,1,0.69656444
0,0,0.01968416
1,1,0.9476094
0,0,0.0015058884
1,1,0.9966492
1,1,0.950012
0,0,0.014108155
0,0,0.0169834
0,0,0.00015918321
0,0,0.0007833749
0,0,0.050009772
0,0,0.02404657
1,1,0.944038
1,1,0.9673546
0,0,0.2843338
0,0,0.00041705486
0,0,0.0068860464
0,0,0.06577563
1,1,0.9897283
1,1,0.9296474
0,0,0.0004006957
1,1,0.98443526
1,1,0.74094445
0,0,0.31771293
0,0,0.17979531
0,0,0.00014929587
1,1,0.8606195
1,1,0.97690684
0,0,3.6605805e-05
0,0,0.17214887
1,1,0.998185
0,0,0.06972427
1,1,0.9892596
0,0,3.2708474e-05
0,1,0.7991777
0,0,0.0073882146
0,0,0.027095702
1,1,0.88816327
1,1,0.6068836
0,0,0.0077217263
1,1,0.9737656
0,0,0.043752864
1,1,0.59332174
1,1,0.62583274
1,1,0.92837644
1,1,0.8896053
1,0,0.051612895
1,1,0.91654736
0,1,0.86767346
0,0,0.0012500933
1,1,0.9245634
1,1,0.91892225
0,1,0.58878094
1,1,0.996851
0,0,0.0017165617
0,0,0.022412857
0,0,0.15767175
0,0,2.8639877e-05
0,0,0.011784294
0,0,0.044903465
0,0,0.00015670896
1,1,0.96737427
1,0,0.050376505
0,0,9.300962e-06
1,1,0.7945656
1,0,0.003993249
0,0,0.06716477
0,0,0.34329998
1,1,0.97581154
0,0,0.00841788
0,0,0.0025992536
1,0,0.3473307
1,1,0.99457365
0,1,0.5440786
1,1,0.65555537
1,1,0.9297298
0,0,0.0068238154
0,1,0.7955652
1,0,0.013386921
0,0,0.44729736
0,0,7.4312265e-05
0,1,0.6058579
1,0,0.0009382792
0,0,0.0032923298
0,0,0.037910685
1,1,0.79471004
1,1,0.90562147
1,1,0.8330886
1,1,0.95985186
1,1,0.94549614
1,1,0.82633466
0,1,0.80584663
0,0,0.072448894
0,1,0.6119608
1,1,0.7303904
1,1,0.8359183
1,1,0.7690858
0,0,0.00068943086
0,1,0.67304105
1,1,0.53491855
1,1,0.9100865
1,1,0.74485725
0,0,0.019619228
0,1,0.6950359
0,0,0.023312978
1,1,0.95145285
0,0,0.0019316411
1,1,0.7905347
0,0,0.01005105
0,0,0.0014460717
1,1,0.9252732
1,1,0.97913396
1,1,0.9798589
1,1,0.92317086
0,0,0.00013106652
0,1,0.7453369
0,1,0.8674993
1,1,0.8655223
0,0,0.019036138
0,0,0.00029266605
0,0,0.0015102027
0,1,0.891181
0,0,0.43984354
1,1,0.9762907
1,1,0.7452798
0,0,0.0016818567
0,0,0.0042743166
0,0,0.009490271
0,0,0.0008297608
0,0,0.027013341
1,1,0.9892217
0,0,0.009412439
0,0,0.14424103
0,0,0.021779627
0,0,0.0011106065
0,0,0.03964467
1,0,0.25452483
1,1,0.99500895
0,1,0.9915627
0,0,0.0033488239
0,0,0.009276143
0,1,0.69656974
1,0,0.06177597
1,1,0.9363198
0,0,0.2693305
1,1,0.7397437
0,0,0.0007266377
0,1,0.7658576
0,0,0.00033520375
0,0,0.111693025
0,0,0.0024293822
0,1,0.98923755
0,0,0.030959476
0,0,0.0182893
1,1,0.69557256
0,0,0.0032449486
1,1,0.9733686
0,0,0.00217137
0,0,0.0019171524
1,1,0.94094485
0,0,0.0003224098
1,1,0.9597983
0,0,0.0007995323
0,0,0.0067569218
0,0,0.0010715699
1,1,0.89160293
0,0,0.008599198
1,1,0.7737883
0,0,0.07727406
0,0,0.0031730537
1,1,0.9868016
1,0,0.03682803
1,1,0.9975841
1,1,0.95930564
1,1,0.97507566
0,0,0.0011399075
0,0,0.00026012343
1,1,0.8804616
0,0,0.009698601
0,0,0.009219321
1,1,0.9397396
0,0,0.24175599
1,1,0.9938356
1,1,0.97741187
0,0,0.00015639505
0,0,0.28607225
1,1,0.8661228
0,0,0.0009423089
0,0,0.13993782
0,0,0.04869833
0,0,0.0042823683
1,1,0.98762614
1,1,0.9959437
0,0,0.39336154
0,1,0.9520084
0,0,0.04769502
0,0,0.00013554715
0,0,0.15685752
0,0,0.010957964
1,1,0.99704665
0,0,0.014618788
0,1,0.8082029
1,1,0.9994241
1,1,0.91201985
0,0,0.0067900415
1,1,0.98429954
0,0,0.0889231
1,1,0.9692481
1,1,0.98706913
1,1,0.65178293
0,0,0.0030089673
1,0,0.37587154
0,1,0.576301
1,0,0.46655926
1,0,0.107195646
1,1,0.53848654
0,0,0.24976408
0,0,1.3396307e-05
1,0,0.34173885
1,1,0.804704
0,0,0.00052685384
1,1,0.91984063
1,1,0.91133964
1,1,0.9723829
1,1,0.7861347
1,1,0.97768855
0,0,0.0010353934
1,1,0.74485964
1,1,0.80695754
0,0,0.0070125023
0,1,0.6050893
1,1,0.64844155
1,0,0.072120406
1,1,0.98145753
1,1,0.9348773
1,1,0.773962
1,0,0.064771466
0,0,0.0017379508
0,0,0.00042123
1,1,0.94319844
0,0,2.3834447e-05
0,0,0.00017341
0,0,0.009019563
1,1,0.947638
1,0,0.29797798
0,0,0.005579444
1,1,0.83315337
1,1,0.76200885
1,1,0.9078238
0,0,0.0007266537
0,0,0.0006059579
0,1,0.87881976
0,0,0.13368674
0,0,6.2363004e-05
0,0,0.003610199
1,1,0.8058119
1,0,0.22994311
0,0,7.2256895e-05
0,1,0.94469434
0,0,0.02899444
0,0,0.15036951
0,0,0.33667874
1,0,0.41375157
0,0,0.0051237047
0,0,0.05450839
0,0,0.020749962
0,1,0.6544132
1,1,0.5453809
0,1,0.8924911
1,1,0.9979631
0,0,5.4106094e-05
1,1,0.81779563
1,0,0.17052019
0,0,0.00034223584
0,0,0.0071516847
0,0,0.17261261
0,0,0.0012832144
0,0,0.010907383
0,0,0.10184711
1,1,0.91094416
1,1,0.96731234
0,0,0.0260992
0,0,0.21047564
0,0,0.0052002897
0,0,0.0018343489
0,0,0.07713174
0,0,0.009623194
1,1,0.9475848
1,0,0.27827656
0,0,7.841979e-05
0,0,8.569244e-05
1,1,0.9453893
1,1,0.7152452
0,0,0.046804257
1,0,0.26387393
0,0,0.25296295
1,1,0.96505505
0,0,0.0024779309
1,1,0.99643046
1,1,0.99214137
0,0,0.011995987
0,0,0.00058484555
0,0,0.0001612663
0,1,0.5144748
0,0,0.0048249657
0,0,0.0048150397
0,1,0.5938389
0,0,0.046284385
1,1,0.9048323
1,1,0.99933404
0,0,0.009337321
0,0,0.31405297
0,0,0.0020570555
0,0,0.005016814
1,0,0.24916168
1,1,0.78857726
0,0,0.0031599265
0,0,6.520104e-05
0,1,0.5375071
0,0,0.0028430314
0,1,0.8576507
1,0,0.038846847
1,1,0.8364376
0,1,0.69150615
1,1,0.828541
1,1,0.991289
0,0,0.00010092849
0,1,0.97949195
1,1,0.9726952
1,1,0.88525635
0,0,2.299236e-05
0,0,0.3299664
0,1,0.898222
0,1,0.52506876
1,1,0.997095
1,1,0.70784074
1,0,0.005142489
0,0,0.027382787
0,1,0.87377363
0,0,0.09123995
0,0,0.0048378967
1,1,0.99878234
1,1,0.5376878
1,1,0.80216557
0,0,0.005664837
0,0,0.28181112
0,0,0.0051822243
1,1,0.7985462
0,0,0.0062810685
1,1,0.6337338
0,0,0.0032198846
1,1,0.82955664
1,1,0.94696456
0,0,0.00016099527
0,0,0.0002031591
1,1,0.8130519
0,0,0.00010716546
1,1,0.8994851
0,0,0.32144475
1,1,0.90069836
0,0,0.00677633
0,1,0.95266837
1,1,0.9988048
1,1,0.9949868
1,1,0.60775423
1,0,0.13929713
0,0,0.00018287175
0,0,0.07806101
0,0,0.0003062603
0,0,0.0037757256
0,1,0.9797545
1,1,0.9989411
0,0,0.028667085
0,0,0.00020862295
0,0,0.0636952
1,1,0.9060026
0,1,0.5390839
1,1,0.93685883
1,1,0.9200444
0,0,0.0011440231
0,0,0.0008013125
0,0,0.47455814
0,0,0.0022313262
0,0,0.07798657
0,0,0.08295884
0,0,0.16715828
0,0,0.28931335
0,0,0.020291703
1,1,0.8806749
1,1,0.9230148
1,1,0.9995579
0,0,0.0041049337
0,0,0.01289549
0,0,0.0032160317
1,1,0.9172945
1,1,0.99893063
0,0,0.00037471004
0,0,0.25025862
0,1,0.73954207
1,0,0.013363406
0,0,0.037526406
1,1,0.9773103
0,0,5.8286485e-05
1,0,0.37600145
0,0,0.0009493831
0,1,0.9126082
0,0,0.002403533
1,1,0.9890781
0,0,0.2904652
1,0,0.3670834
1,1,0.74293005
0,0,0.0005156479
1,1,0.91348785
0,0,0.11454082
1,1,0.95147145
0,0,0.040503245
0,1,0.78535885
0,0,0.027404701
1,1,0.98336166
1,1,0.9873639
0,0,0.010257815
0,1,0.98782116
0,0,0.24185687
1,0,0.07961548
1,1,0.9371446
1,0,0.03522196
0,0,0.00052084465
0,0,0.01941467
1,1,0.9652682
0,0,0.0017536092
0,0,0.08626651
0,0,0.0002028643
0,0,0.0012117276
1,1,0.96591
0,1,0.80016106
1,1,0.80942076
1,1,0.998475
1,0,0.19896293
0,0,0.06731965
0,0,0.001350468
0,0,0.00010352781
0,0,0.00059446064
0,0,0.07018383
0,0,0.07593533
1,1,0.9541959
1,1,0.9909122
1,1,0.9550649
0,0,0.017074574
0,1,0.99224913
0,0,0.060011934
0,0,0.0006446335
0,0,0.0005572121
0,0,2.0492946e-06
0,0,0.011668987
0,0,0.047271807
1,0,0.17179026
0,0,0.051799938
1,1,0.82943344
0,0,0.0026141054
0,0,0.00023913059
0,0,0.0019520358
0,0,0.005719368
1,1,0.9887551
1,0,0.016097898
1,1,0.69146764
1,1,0.7016167
1,0,0.009916549
0,0,0.00038237008
1,1,0.82768893
0,0,0.002159773
0,0,0.07486676
0,0,0.0041281693
0,0,0.05292798
0,0,0.038325697
0,0,0.03215324
1,1,0.58578396
0,0,0.0019948226
0,1,0.79607874
1,1,0.9994173
0,1,0.9778607
0,0,0.32333663
1,1,0.8411603
0,0,0.1897861
1,1,0.95500594
0,0,0.032300077
1,1,0.51190996
0,0,0.0068729436
1,1,0.91280293
0,0,0.009569853
0,0,0.0027086278
0,0,0.018859925
0,0,0.005204179
0,0,0.18558806
1,1,0.98432213
0,0,0.009995048
0,0,0.04449054
0,0,0.012867382
0,0,0.047232155
0,1,0.81581223
1,1,0.5408968
0,0,0.09850549
1,0,0.43549463
1,1,0.9997681
0,0,6.023278e-05
0,0,0.36745402
1,1,0.945153
1,0,0.16665101
1,1,0.82553995
1,1,0.9780912
1,1,0.9123463
1,1,0.94897425
1,0,0.3625222
1,1,0.8452849
1,1,0.9833958
0,0,0.0005955262
1,1,0.7775355
1,1,0.7484368
1,1,0.9108306
0,0,0.02421344
0,0,0.0005079524
0,0,0.030290913
0,0,0.000779423
0,0,0.15737316
0,0,0.00019527604
1,1,0.9356612
0,0,0.00015167406
1,1,0.9911391
0,0,0.0006406036
1,1,0.9673665
1,1,0.9761538
0,1,0.5914743
1,1,0.9319516
1,1,0.98707473
0,0,0.0014657624
0,0,0.0018138187
0,0,0.07856542
0,0,0.29516274
0,1,0.8152139
0,1,0.97967666
1,0,0.0908999
1,1,0.9762087
0,0,0.04964544
1,0,0.1620252
0,0,0.005558951
0,0,0.0012692472
0,0,0.018968264
0,0,0.0016936363
0,0,7.6484066e-05
0,0,0.44673902
1,1,0.75554305
0,0,0.0034124772
1,1,0.9384403
0,0,5.2311996e-05
0,0,0.00070144405
0,0,0.04764407
0,0,0.00019129136
1,1,0.9986053
0,0,0.0005333821
0,0,0.0006891299
1,0,0.26992962
0,0,0.062099397
0,0,0.009829577
1,0,0.0054435027
1,0,0.45424846
0,0,0.0006307569
0,0,0.012216853
1,0,0.47175884
0,1,0.6116189
1,1,0.9192176
0,0,0.24873464
1,1,0.9798599
1,1,0.93038666
0,1,0.5672481
0,0,0.0002541152
0,0,0.17688112
0,0,0.00251111
0,0,0.00013046253
1,0,0.21734953
1,1,0.9351006
1,1,0.9982455
1,1,0.9966092
0,0,0.16141163
0,0,0.00029856642
0,0,0.020077398
1,0,0.14147015
0,0,7.743642e-05
0,0,0.06693276
1,1,0.568493
0,0,0.18033795
0,1,0.8908863
0,1,0.6536952
0,0,0.07699268
0,0,0.000114315604
1,1,0.974263
0,1,0.8722351
0,0,0.087142214
1,1,0.73022705
0,0,0.003417068
0,0,0.024563164
1,1,0.65768325
0,0,0.43398765
0,0,0.009587268
0,0,0.00010711917
0,1,0.7093745
0,1,0.87398976
0,0,0.0007064281
1,1,0.95734084
0,0,0.0058448655
0,0,0.15448494
1,0,0.20759216
0,1,0.551112
0,1,0.8704482
0,0,0.0001325582
1,1,0.8616614
1,1,0.78435796
1,1,0.9839925
0,0,0.22144474
0,0,0.17423135
0,0,0.00010522086
0,0,0.057813153
0,0,0.049805373
0,0,0.43254057
1,1,0.9896039
1,1,0.9881975
1,1,0.6853989
0,0,0.0009770679
1,0,0.48495463
1,1,0.9258715
0,0,0.00045540291
1,1,0.8112028
0,0,0.0035547768
0,0,0.021921284
0,0,0.0023228675
1,1,0.82221013
1,1,0.91883683
1,0,0.04632846
0,1,0.8038747
0,0,0.069156595
1,1,0.7884147
0,1,0.77927685
1,1,0.942493
0,0,0.0007179908
1,1,0.95717883
0,0,0.0067970385
0,1,0.9157745
1,1,0.9898673
1,1,0.9620708
0,0,0.12020104
1,1,0.94818556
1,1,0.83578753
1,0,0.06743121
0,0,0.17830238
1,1,0.9785734
1,1,0.9248554
0,0,0.00015943096
0,0,0.0160584
0,0,0.0003711943
0,0,0.07515449
0,0,0.012149431
1,1,0.9913624
0,0,0.007642434
1,0,0.22675681
0,0,0.0022935255
0,0,0.01155524
1,1,0.9211411
0,0,8.1574544e-05
1,1,0.8644096
0,0,0.23513137
1,0,0.42132452
0,0,0.017950367
0,0,0.068252385
1,1,0.72309303
0,1,0.92633784
0,0,0.0011290346
0,0,0.00019746443
0,0,0.18139742
1,1,0.98950994
0,0,0.00086464325
1,1,0.9993524
1,0,0.31373522
0,0,5.8633686e-05
0,0,0.07252498
1,1,0.5485819
0,0,0.020609276
0,0,0.006327399
0,0,0.049965132
1,1,0.91245127
1,1,0.90018094
0,0,0.026199792
0,0,0.00024458047
1,1,0.666129
0,0,0.00025448183
1,1,0.9712525
0,0,0.49557886
0,0,0.10339883
1,1,0.991085
0,0,0.23645319
1,1,0.977405
0,0,0.029753884
1,1,0.9939818
1,0,0.23410462
1,1,0.818118
0,1,0.8576438
0,0,3.949491e-05
1,1,0.9459821
1,0,0.27867123
1,1,0.98591703
0,0,0.24059366
1,1,0.94923383
1,1,0.9905285
1,1,0.9670748
0,0,0.08819575
0,0,0.016400525
1,1,0.90863025
0,0,0.0012870145
1,1,0.58226126
0,0,0.007981351
0,0,0.0031854212
1,1,0.96637374
0,0,0.0038327896
0,1,0.5656327
1,1,0.9788455
0,0,0.08037442
0,0,0.02228193
0,0,0.46992594
0,0,0.00032879986
0,0,0.0198158
0,0,0.049664725
1,1,0.9946996
0,0,0.4872647
1,1,0.8979956
1,1,0.9839078
0,1,0.9710888
1,1,0.9877979
1,1,0.81696147
0,0,0.0012910265
1,1,0.9484585
0,1,0.7439508
0,0,0.010881799
0,0,0.0057701026
1,1,0.92462105
0,0,0.038473442
1,1,0.93709403
1,1,0.9881071
1,0,0.027735949
0,0,0.028040174
0,0,0.00049616554
0,0,2.8890163e-05
0,0,0.0006062857
0,0,0.29617393
1,1,0.8348597
0,0,0.00037164715
1,1,0.9027149
0,0,0.0009817302
0,0,4.9487164e-05
0,0,0.006960766
1,1,0.61103654
0,0,9.4371135e-05
1,1,0.9605246
1,1,0.9533615
0,0,0.0056828395
0,0,0.062064722
1,1,0.9929375
0,1,0.78650224
1,1,0.9722724
0,0,0.03346929
0,1,0.6242287
1,1,0.84716505
1,1,0.99547124
1,1,0.9778284
0,0,0.05988037
0,0,0.46514803
1,0,0.19419566
0,0,0.01237198
0,0,0.15380244
0,0,0.13908044
0,0,0.026598467
0,0,0.43091726
1,0,0.0034072595
1,1,0.9994518
0,0,0.0056140064
0,0,0.0050709397
1,0,0.4602138
1,1,0.9716213
1,1,0.97750115
1,1,0.96017045
1,1,0.8029699
0,0,0.026350373
0,1,0.5662409
1,1,0.993731
0,0,0.0021556478
0,0,9.503753e-06
0,0,0.01968211
0,1,0.92456627
1,1,0.98936886
1,1,0.9771895
0,0,0.0024663773
0,0,0.005475635
1,1,0.9848406
0,0,1.2766333e-05
1,1,0.8996465
1,1,0.6142425
1,1,0.9112261
0,1,0.6556411
